Date,combo
2014-09-17,0.0
2014-09-18,0.0
2014-09-19,0.0
2014-09-20,0.0
2014-09-21,0.0
2014-09-22,0.0
2014-09-23,0.0
2014-09-24,0.0
2014-09-25,0.0
2014-09-26,0.0
2014-09-27,0.0
2014-09-28,0.0
2014-09-29,0.0
2014-09-30,0.0
2014-10-01,0.0
2014-10-02,0.0
2014-10-03,0.0
2014-10-04,0.0
2014-10-05,0.0
2014-10-06,0.0
2014-10-07,0.0
2014-10-08,0.0
2014-10-09,0.0
2014-10-10,0.0
2014-10-11,0.0
2014-10-12,0.0
2014-10-13,0.0
2014-10-14,0.0
2014-10-15,0.0
2014-10-16,0.0
2014-10-17,0.0
2014-10-18,0.0
2014-10-19,0.0
2014-10-20,0.0
2014-10-21,0.0
2014-10-22,0.0
2014-10-23,0.0
2014-10-24,0.0
2014-10-25,0.0
2014-10-26,0.0
2014-10-27,0.0
2014-10-28,0.0
2014-10-29,0.0
2014-10-30,0.0
2014-10-31,0.0
2014-11-01,0.0
2014-11-02,0.0
2014-11-03,0.0
2014-11-04,0.0
2014-11-05,0.0
2014-11-06,0.0
2014-11-07,0.0
2014-11-08,0.0
2014-11-09,0.0
2014-11-10,0.0
2014-11-11,0.0
2014-11-12,0.0
2014-11-13,0.0
2014-11-14,0.0
2014-11-15,0.0
2014-11-16,0.0
2014-11-17,0.0
2014-11-18,0.0
2014-11-19,0.0
2014-11-20,0.0
2014-11-21,0.0
2014-11-22,0.0
2014-11-23,0.0
2014-11-24,0.0
2014-11-25,0.0
2014-11-26,0.0
2014-11-27,0.0
2014-11-28,0.0
2014-11-29,0.0
2014-11-30,0.0
2014-12-01,0.0
2014-12-02,0.0
2014-12-03,0.0
2014-12-04,0.0
2014-12-05,0.0
2014-12-06,0.0
2014-12-07,0.0
2014-12-08,0.0
2014-12-09,0.0
2014-12-10,0.0
2014-12-11,0.0
2014-12-12,0.0
2014-12-13,0.0
2014-12-14,0.0
2014-12-15,0.0
2014-12-16,0.0
2014-12-17,0.0
2014-12-18,0.0
2014-12-19,0.0
2014-12-20,0.0
2014-12-21,0.0
2014-12-22,0.0
2014-12-23,0.0
2014-12-24,0.0
2014-12-25,0.0
2014-12-26,0.0
2014-12-27,0.0
2014-12-28,0.0
2014-12-29,0.0
2014-12-30,0.0
2014-12-31,0.0
2015-01-01,0.0
2015-01-02,0.0
2015-01-03,0.0
2015-01-04,0.0
2015-01-05,0.0
2015-01-06,0.0
2015-01-07,0.0
2015-01-08,0.0
2015-01-09,0.0
2015-01-10,0.0
2015-01-11,0.0
2015-01-12,0.0
2015-01-13,0.0
2015-01-14,0.0
2015-01-15,0.0
2015-01-16,0.0
2015-01-17,0.0
2015-01-18,0.0
2015-01-19,0.0
2015-01-20,0.0
2015-01-21,0.0
2015-01-22,0.0
2015-01-23,0.0
2015-01-24,0.0
2015-01-25,0.0
2015-01-26,0.0
2015-01-27,0.0
2015-01-28,0.0
2015-01-29,0.0
2015-01-30,0.0
2015-01-31,0.0
2015-02-01,0.0
2015-02-02,0.0
2015-02-03,0.0
2015-02-04,0.0
2015-02-05,0.0
2015-02-06,0.0
2015-02-07,0.0
2015-02-08,0.0
2015-02-09,0.0
2015-02-10,0.0
2015-02-11,0.0
2015-02-12,0.0
2015-02-13,0.0
2015-02-14,0.0
2015-02-15,0.0
2015-02-16,0.0
2015-02-17,0.0
2015-02-18,0.0
2015-02-19,0.0
2015-02-20,0.0
2015-02-21,0.0
2015-02-22,0.0
2015-02-23,0.0
2015-02-24,0.0
2015-02-25,0.0
2015-02-26,0.0
2015-02-27,0.0
2015-02-28,0.0
2015-03-01,0.0
2015-03-02,0.0
2015-03-03,0.0
2015-03-04,0.0
2015-03-05,0.0
2015-03-06,0.0
2015-03-07,0.0
2015-03-08,0.0
2015-03-09,0.0
2015-03-10,0.0
2015-03-11,0.0
2015-03-12,0.0
2015-03-13,0.0
2015-03-14,0.0
2015-03-15,0.0
2015-03-16,0.0
2015-03-17,0.0
2015-03-18,0.0
2015-03-19,0.0
2015-03-20,0.0
2015-03-21,0.0
2015-03-22,0.0
2015-03-23,0.0
2015-03-24,0.0
2015-03-25,0.0
2015-03-26,0.0
2015-03-27,0.0
2015-03-28,0.0
2015-03-29,0.0
2015-03-30,0.0
2015-03-31,0.0
2015-04-01,0.0
2015-04-02,0.0
2015-04-03,0.0
2015-04-04,0.0
2015-04-05,0.0
2015-04-06,0.0
2015-04-07,0.0
2015-04-08,0.0
2015-04-09,0.0
2015-04-10,0.0
2015-04-11,0.0
2015-04-12,0.0
2015-04-13,0.0
2015-04-14,0.0
2015-04-15,0.0
2015-04-16,0.0
2015-04-17,0.0
2015-04-18,0.0
2015-04-19,0.0
2015-04-20,0.0
2015-04-21,0.0
2015-04-22,0.0
2015-04-23,0.0
2015-04-24,0.0
2015-04-25,0.0
2015-04-26,0.0
2015-04-27,0.0
2015-04-28,0.0
2015-04-29,0.0
2015-04-30,0.0
2015-05-01,0.0
2015-05-02,0.0
2015-05-03,0.0
2015-05-04,0.0
2015-05-05,0.0
2015-05-06,0.0
2015-05-07,0.0
2015-05-08,0.0
2015-05-09,0.0
2015-05-10,0.0
2015-05-11,0.0
2015-05-12,0.0
2015-05-13,0.0
2015-05-14,0.0
2015-05-15,0.0
2015-05-16,0.0
2015-05-17,0.0
2015-05-18,0.0
2015-05-19,0.0
2015-05-20,0.0
2015-05-21,0.0
2015-05-22,0.0
2015-05-23,0.0
2015-05-24,0.0
2015-05-25,0.0
2015-05-26,0.0
2015-05-27,0.0
2015-05-28,0.0
2015-05-29,0.0
2015-05-30,0.0
2015-05-31,0.0
2015-06-01,0.0
2015-06-02,0.0
2015-06-03,0.0
2015-06-04,0.0
2015-06-05,0.0
2015-06-06,0.0
2015-06-07,0.0
2015-06-08,0.0
2015-06-09,0.0
2015-06-10,0.0
2015-06-11,0.0
2015-06-12,0.0
2015-06-13,0.0
2015-06-14,0.0
2015-06-15,0.0
2015-06-16,0.0
2015-06-17,0.0
2015-06-18,0.0
2015-06-19,0.0
2015-06-20,0.0
2015-06-21,0.0
2015-06-22,0.0
2015-06-23,0.0
2015-06-24,0.0
2015-06-25,0.0
2015-06-26,0.0
2015-06-27,0.0
2015-06-28,0.0
2015-06-29,0.0
2015-06-30,0.0
2015-07-01,0.0
2015-07-02,0.0
2015-07-03,0.0
2015-07-04,0.0
2015-07-05,0.0
2015-07-06,0.0
2015-07-07,0.0
2015-07-08,0.0
2015-07-09,0.0
2015-07-10,0.0
2015-07-11,0.0
2015-07-12,0.0
2015-07-13,0.0
2015-07-14,0.0
2015-07-15,0.0
2015-07-16,0.0
2015-07-17,0.0
2015-07-18,0.0
2015-07-19,0.0
2015-07-20,0.0
2015-07-21,0.0
2015-07-22,0.0
2015-07-23,0.0
2015-07-24,0.0
2015-07-25,0.0
2015-07-26,0.0
2015-07-27,0.0
2015-07-28,0.0
2015-07-29,0.0
2015-07-30,0.0
2015-07-31,0.0
2015-08-01,0.0
2015-08-02,0.0
2015-08-03,0.0
2015-08-04,0.0
2015-08-05,0.0
2015-08-06,0.0
2015-08-07,0.0
2015-08-08,0.0
2015-08-09,0.0
2015-08-10,0.0
2015-08-11,0.0
2015-08-12,0.0
2015-08-13,0.0
2015-08-14,0.0
2015-08-15,0.0
2015-08-16,0.0
2015-08-17,0.0
2015-08-18,0.0
2015-08-19,0.0
2015-08-20,0.0
2015-08-21,0.0
2015-08-22,0.0
2015-08-23,0.0
2015-08-24,0.0
2015-08-25,0.0
2015-08-26,0.0
2015-08-27,0.0
2015-08-28,0.0
2015-08-29,0.0
2015-08-30,0.0
2015-08-31,0.0
2015-09-01,0.0
2015-09-02,0.0
2015-09-03,0.0
2015-09-04,0.0
2015-09-05,0.0
2015-09-06,0.0
2015-09-07,0.0
2015-09-08,0.0
2015-09-09,0.0
2015-09-10,0.0
2015-09-11,0.0
2015-09-12,0.0
2015-09-13,0.0
2015-09-14,0.0
2015-09-15,0.0
2015-09-16,0.0
2015-09-17,0.0
2015-09-18,0.0
2015-09-19,0.0
2015-09-20,0.0
2015-09-21,0.0
2015-09-22,0.0
2015-09-23,0.0
2015-09-24,0.0
2015-09-25,0.0
2015-09-26,0.0
2015-09-27,0.0
2015-09-28,0.0
2015-09-29,0.0
2015-09-30,0.0
2015-10-01,0.0
2015-10-02,0.0
2015-10-03,0.0
2015-10-04,0.0
2015-10-05,0.0
2015-10-06,0.0
2015-10-07,0.0
2015-10-08,0.0
2015-10-09,0.0
2015-10-10,0.0
2015-10-11,0.0
2015-10-12,0.0
2015-10-13,0.0
2015-10-14,0.0
2015-10-15,0.0
2015-10-16,0.0
2015-10-17,0.0
2015-10-18,0.0
2015-10-19,0.0
2015-10-20,0.0
2015-10-21,0.0
2015-10-22,0.0
2015-10-23,0.0
2015-10-24,0.0
2015-10-25,0.0
2015-10-26,0.0
2015-10-27,0.0
2015-10-28,0.0
2015-10-29,0.0
2015-10-30,0.0
2015-10-31,0.0
2015-11-01,0.0
2015-11-02,0.0
2015-11-03,0.0
2015-11-04,0.0
2015-11-05,0.0
2015-11-06,0.0
2015-11-07,0.0
2015-11-08,0.0
2015-11-09,0.0
2015-11-10,0.0
2015-11-11,0.0
2015-11-12,0.0
2015-11-13,0.0
2015-11-14,0.0
2015-11-15,0.0
2015-11-16,0.0
2015-11-17,0.0
2015-11-18,0.0
2015-11-19,0.0
2015-11-20,0.0
2015-11-21,0.0
2015-11-22,0.0
2015-11-23,0.0
2015-11-24,0.0
2015-11-25,0.0
2015-11-26,0.0
2015-11-27,0.0
2015-11-28,0.0
2015-11-29,0.0
2015-11-30,0.0
2015-12-01,0.0
2015-12-02,0.0
2015-12-03,0.0
2015-12-04,0.0
2015-12-05,0.0
2015-12-06,0.0
2015-12-07,0.0
2015-12-08,0.0
2015-12-09,0.0
2015-12-10,0.0
2015-12-11,0.0
2015-12-12,0.0
2015-12-13,0.0
2015-12-14,0.0
2015-12-15,0.0
2015-12-16,0.0
2015-12-17,0.0
2015-12-18,0.0
2015-12-19,0.0
2015-12-20,0.0
2015-12-21,0.0
2015-12-22,0.0
2015-12-23,0.0
2015-12-24,0.0
2015-12-25,0.0
2015-12-26,0.0
2015-12-27,0.0
2015-12-28,0.0
2015-12-29,0.0
2015-12-30,0.0
2015-12-31,0.0
2016-01-01,0.0
2016-01-02,0.0
2016-01-03,0.0
2016-01-04,0.0
2016-01-05,0.0
2016-01-06,0.0
2016-01-07,0.0
2016-01-08,0.0
2016-01-09,0.0
2016-01-10,0.0
2016-01-11,0.0
2016-01-12,0.0
2016-01-13,0.0
2016-01-14,0.0
2016-01-15,0.0
2016-01-16,0.0
2016-01-17,0.0
2016-01-18,0.0
2016-01-19,0.0
2016-01-20,0.0
2016-01-21,0.0
2016-01-22,0.0
2016-01-23,0.0
2016-01-24,0.0
2016-01-25,0.0
2016-01-26,0.0
2016-01-27,0.0
2016-01-28,0.0
2016-01-29,0.0
2016-01-30,0.0
2016-01-31,0.0
2016-02-01,0.0
2016-02-02,0.0
2016-02-03,0.0
2016-02-04,0.0
2016-02-05,0.0
2016-02-06,0.0
2016-02-07,0.0
2016-02-08,0.0
2016-02-09,0.0
2016-02-10,0.0
2016-02-11,0.0
2016-02-12,0.0
2016-02-13,0.0
2016-02-14,0.0
2016-02-15,0.0
2016-02-16,0.0
2016-02-17,0.0
2016-02-18,0.0
2016-02-19,0.0
2016-02-20,0.0
2016-02-21,0.0
2016-02-22,0.0
2016-02-23,0.0
2016-02-24,0.0
2016-02-25,0.0
2016-02-26,0.0
2016-02-27,0.0
2016-02-28,0.0
2016-02-29,0.0
2016-03-01,0.0
2016-03-02,0.0
2016-03-03,0.0
2016-03-04,0.0
2016-03-05,0.0
2016-03-06,0.0
2016-03-07,0.0
2016-03-08,0.0
2016-03-09,0.0
2016-03-10,0.0
2016-03-11,0.0
2016-03-12,0.0
2016-03-13,0.0
2016-03-14,0.0
2016-03-15,0.0
2016-03-16,0.0
2016-03-17,0.0
2016-03-18,0.0
2016-03-19,0.0
2016-03-20,0.0
2016-03-21,0.0
2016-03-22,0.0
2016-03-23,0.0
2016-03-24,0.0
2016-03-25,0.0
2016-03-26,0.0
2016-03-27,0.0
2016-03-28,0.0
2016-03-29,0.0
2016-03-30,0.0
2016-03-31,0.0
2016-04-01,0.0
2016-04-02,0.0
2016-04-03,0.0
2016-04-04,0.0
2016-04-05,0.0
2016-04-06,0.0
2016-04-07,0.0
2016-04-08,0.0
2016-04-09,0.0
2016-04-10,0.0
2016-04-11,0.0
2016-04-12,0.0
2016-04-13,0.0
2016-04-14,0.0
2016-04-15,0.0
2016-04-16,0.0
2016-04-17,0.0
2016-04-18,0.0
2016-04-19,0.0
2016-04-20,0.0
2016-04-21,0.0
2016-04-22,0.0
2016-04-23,0.0
2016-04-24,0.0
2016-04-25,0.0
2016-04-26,0.0
2016-04-27,0.0
2016-04-28,0.0
2016-04-29,0.0
2016-04-30,0.0
2016-05-01,0.0
2016-05-02,0.0
2016-05-03,0.0
2016-05-04,0.0
2016-05-05,0.0
2016-05-06,0.0
2016-05-07,0.0
2016-05-08,0.0
2016-05-09,0.0
2016-05-10,0.0
2016-05-11,0.0
2016-05-12,0.0
2016-05-13,0.0
2016-05-14,0.0
2016-05-15,0.0
2016-05-16,0.0
2016-05-17,0.0
2016-05-18,0.0
2016-05-19,0.0
2016-05-20,0.0
2016-05-21,0.0
2016-05-22,0.0
2016-05-23,0.0
2016-05-24,0.0
2016-05-25,0.0
2016-05-26,0.0
2016-05-27,0.0
2016-05-28,0.0
2016-05-29,0.0
2016-05-30,0.0
2016-05-31,0.0
2016-06-01,0.0
2016-06-02,0.0
2016-06-03,0.0
2016-06-04,0.0
2016-06-05,0.0
2016-06-06,0.0
2016-06-07,0.0
2016-06-08,0.0
2016-06-09,0.0
2016-06-10,0.0
2016-06-11,0.0
2016-06-12,0.0
2016-06-13,0.0
2016-06-14,0.0
2016-06-15,0.0
2016-06-16,0.0
2016-06-17,0.0
2016-06-18,0.0
2016-06-19,0.0
2016-06-20,0.0
2016-06-21,0.0
2016-06-22,0.0
2016-06-23,0.0
2016-06-24,0.0
2016-06-25,0.0
2016-06-26,0.0
2016-06-27,0.0
2016-06-28,0.0
2016-06-29,0.0
2016-06-30,0.0
2016-07-01,0.0
2016-07-02,0.0
2016-07-03,0.0
2016-07-04,0.0
2016-07-05,0.0
2016-07-06,0.0
2016-07-07,0.0
2016-07-08,0.0
2016-07-09,0.0
2016-07-10,0.0
2016-07-11,0.0
2016-07-12,0.0
2016-07-13,0.0
2016-07-14,0.0
2016-07-15,0.0
2016-07-16,0.0
2016-07-17,0.0
2016-07-18,0.0
2016-07-19,0.0
2016-07-20,0.0
2016-07-21,0.0
2016-07-22,0.0
2016-07-23,0.0
2016-07-24,0.0
2016-07-25,0.0
2016-07-26,0.0
2016-07-27,0.0
2016-07-28,0.0
2016-07-29,0.0
2016-07-30,0.0
2016-07-31,0.0
2016-08-01,0.0
2016-08-02,0.0
2016-08-03,0.0
2016-08-04,0.0
2016-08-05,0.0
2016-08-06,0.0
2016-08-07,0.0
2016-08-08,0.0
2016-08-09,0.0
2016-08-10,0.0
2016-08-11,0.0
2016-08-12,0.0
2016-08-13,0.0
2016-08-14,0.0
2016-08-15,0.0
2016-08-16,0.0
2016-08-17,0.0
2016-08-18,0.0
2016-08-19,0.0
2016-08-20,0.0
2016-08-21,0.0
2016-08-22,0.0
2016-08-23,0.0
2016-08-24,0.0
2016-08-25,0.0
2016-08-26,0.0
2016-08-27,0.0
2016-08-28,0.0
2016-08-29,0.0
2016-08-30,0.0
2016-08-31,0.0
2016-09-01,0.0
2016-09-02,0.0
2016-09-03,0.0
2016-09-04,0.0
2016-09-05,0.0
2016-09-06,0.0
2016-09-07,0.0
2016-09-08,0.0
2016-09-09,0.0
2016-09-10,0.0
2016-09-11,0.0
2016-09-12,0.0
2016-09-13,0.0
2016-09-14,0.0
2016-09-15,0.0
2016-09-16,0.0
2016-09-17,0.0
2016-09-18,0.0
2016-09-19,0.0
2016-09-20,0.0
2016-09-21,0.0
2016-09-22,0.0
2016-09-23,0.0
2016-09-24,0.0
2016-09-25,0.0
2016-09-26,0.0
2016-09-27,0.0
2016-09-28,0.0
2016-09-29,0.0
2016-09-30,0.0
2016-10-01,0.0
2016-10-02,0.0
2016-10-03,0.0
2016-10-04,0.0
2016-10-05,0.0
2016-10-06,0.0
2016-10-07,0.0
2016-10-08,0.0
2016-10-09,0.0
2016-10-10,0.0
2016-10-11,0.0
2016-10-12,0.0
2016-10-13,0.0
2016-10-14,0.0
2016-10-15,0.0
2016-10-16,0.0
2016-10-17,0.0
2016-10-18,0.0
2016-10-19,0.0
2016-10-20,0.0
2016-10-21,0.0
2016-10-22,0.0
2016-10-23,0.0
2016-10-24,0.0
2016-10-25,0.0
2016-10-26,0.0
2016-10-27,0.0
2016-10-28,0.0
2016-10-29,0.0
2016-10-30,0.0
2016-10-31,0.0
2016-11-01,0.0
2016-11-02,0.0
2016-11-03,0.0
2016-11-04,0.0
2016-11-05,0.0
2016-11-06,0.0
2016-11-07,0.0
2016-11-08,0.0
2016-11-09,0.0
2016-11-10,0.0
2016-11-11,0.0
2016-11-12,0.0
2016-11-13,0.0
2016-11-14,0.0
2016-11-15,0.0
2016-11-16,0.0
2016-11-17,0.0
2016-11-18,0.0
2016-11-19,0.0
2016-11-20,0.0
2016-11-21,0.0
2016-11-22,0.0
2016-11-23,0.0
2016-11-24,0.0
2016-11-25,0.0
2016-11-26,0.0
2016-11-27,0.0
2016-11-28,0.0
2016-11-29,0.0
2016-11-30,0.0
2016-12-01,0.0
2016-12-02,0.0
2016-12-03,0.0
2016-12-04,0.0
2016-12-05,0.0
2016-12-06,0.0
2016-12-07,0.0
2016-12-08,0.0
2016-12-09,0.0
2016-12-10,0.0
2016-12-11,0.0
2016-12-12,0.0
2016-12-13,0.0
2016-12-14,0.0
2016-12-15,0.0
2016-12-16,0.0
2016-12-17,0.0
2016-12-18,0.0
2016-12-19,0.0
2016-12-20,0.0
2016-12-21,0.0
2016-12-22,0.0
2016-12-23,0.0
2016-12-24,0.0
2016-12-25,0.0
2016-12-26,0.0
2016-12-27,0.0
2016-12-28,0.0
2016-12-29,0.0
2016-12-30,0.0
2016-12-31,0.0
2017-01-01,0.0
2017-01-02,0.0
2017-01-03,0.0
2017-01-04,0.0
2017-01-05,0.0
2017-01-06,0.0
2017-01-07,0.0
2017-01-08,0.0
2017-01-09,0.0
2017-01-10,0.0
2017-01-11,0.0
2017-01-12,0.0
2017-01-13,0.0
2017-01-14,0.0
2017-01-15,0.0
2017-01-16,0.0
2017-01-17,0.0
2017-01-18,0.0
2017-01-19,0.0
2017-01-20,0.0
2017-01-21,0.0
2017-01-22,0.0
2017-01-23,0.0
2017-01-24,0.0
2017-01-25,0.0
2017-01-26,0.0
2017-01-27,0.0
2017-01-28,0.0
2017-01-29,0.0
2017-01-30,0.0
2017-01-31,0.0
2017-02-01,0.0
2017-02-02,0.0
2017-02-03,0.0
2017-02-04,0.0
2017-02-05,0.0
2017-02-06,0.0
2017-02-07,0.0
2017-02-08,0.0
2017-02-09,0.0
2017-02-10,0.0
2017-02-11,0.0
2017-02-12,0.0
2017-02-13,0.0
2017-02-14,0.0
2017-02-15,0.0
2017-02-16,0.0
2017-02-17,0.0
2017-02-18,0.0
2017-02-19,0.0
2017-02-20,0.0
2017-02-21,0.0
2017-02-22,0.0
2017-02-23,0.0
2017-02-24,0.0
2017-02-25,0.0
2017-02-26,0.0
2017-02-27,0.0
2017-02-28,0.0
2017-03-01,0.0
2017-03-02,0.0
2017-03-03,0.0
2017-03-04,0.0
2017-03-05,0.0
2017-03-06,0.0
2017-03-07,0.0
2017-03-08,0.0
2017-03-09,0.0
2017-03-10,0.0
2017-03-11,0.0
2017-03-12,0.0
2017-03-13,0.0
2017-03-14,0.0
2017-03-15,0.0
2017-03-16,0.0
2017-03-17,0.0
2017-03-18,0.0
2017-03-19,0.0
2017-03-20,0.0
2017-03-21,0.0
2017-03-22,0.0
2017-03-23,0.0
2017-03-24,0.0
2017-03-25,0.0
2017-03-26,0.0
2017-03-27,0.0
2017-03-28,0.0
2017-03-29,0.0
2017-03-30,0.0
2017-03-31,0.0
2017-04-01,0.0
2017-04-02,0.0
2017-04-03,0.0
2017-04-04,0.0
2017-04-05,0.0
2017-04-06,0.0
2017-04-07,0.0
2017-04-08,0.0
2017-04-09,0.0
2017-04-10,0.0
2017-04-11,0.0
2017-04-12,0.0
2017-04-13,0.0
2017-04-14,0.0
2017-04-15,0.0
2017-04-16,0.0
2017-04-17,0.0
2017-04-18,0.0
2017-04-19,0.0
2017-04-20,0.0
2017-04-21,0.0
2017-04-22,0.0
2017-04-23,0.0
2017-04-24,0.0
2017-04-25,0.0
2017-04-26,0.0
2017-04-27,0.0
2017-04-28,0.0
2017-04-29,0.0
2017-04-30,0.0
2017-05-01,0.0
2017-05-02,0.0
2017-05-03,0.0
2017-05-04,0.0
2017-05-05,0.0
2017-05-06,0.0
2017-05-07,0.0
2017-05-08,0.0
2017-05-09,0.0
2017-05-10,0.0
2017-05-11,0.0
2017-05-12,0.0
2017-05-13,0.0
2017-05-14,0.0
2017-05-15,0.0
2017-05-16,0.0
2017-05-17,0.0
2017-05-18,0.0
2017-05-19,0.0
2017-05-20,0.0
2017-05-21,0.0
2017-05-22,0.0
2017-05-23,0.0
2017-05-24,0.0
2017-05-25,0.0
2017-05-26,0.0
2017-05-27,0.0
2017-05-28,0.0
2017-05-29,0.0
2017-05-30,0.0
2017-05-31,0.0
2017-06-01,0.0
2017-06-02,0.0
2017-06-03,0.0
2017-06-04,0.0
2017-06-05,0.0
2017-06-06,0.0
2017-06-07,0.0
2017-06-08,0.0
2017-06-09,0.0
2017-06-10,0.0
2017-06-11,0.0
2017-06-12,0.0
2017-06-13,0.0
2017-06-14,0.0
2017-06-15,0.0
2017-06-16,0.0
2017-06-17,0.0
2017-06-18,0.0
2017-06-19,0.0
2017-06-20,0.0
2017-06-21,0.0
2017-06-22,0.0
2017-06-23,0.0
2017-06-24,0.0
2017-06-25,0.0
2017-06-26,0.0
2017-06-27,0.0
2017-06-28,0.0
2017-06-29,0.0
2017-06-30,0.0
2017-07-01,0.0
2017-07-02,0.0
2017-07-03,0.0
2017-07-04,0.0
2017-07-05,0.0
2017-07-06,0.0
2017-07-07,0.0
2017-07-08,0.0
2017-07-09,0.0
2017-07-10,0.0
2017-07-11,0.0
2017-07-12,0.0
2017-07-13,0.0
2017-07-14,0.0
2017-07-15,0.0
2017-07-16,0.0
2017-07-17,0.0
2017-07-18,0.0
2017-07-19,0.0
2017-07-20,0.0
2017-07-21,0.0
2017-07-22,0.0
2017-07-23,0.0
2017-07-24,0.0
2017-07-25,0.0
2017-07-26,0.0
2017-07-27,0.0
2017-07-28,0.0
2017-07-29,0.0
2017-07-30,0.0
2017-07-31,0.0
2017-08-01,0.0
2017-08-02,0.0
2017-08-03,0.0
2017-08-04,0.0
2017-08-05,0.0
2017-08-06,0.0
2017-08-07,0.0
2017-08-08,0.0
2017-08-09,0.0
2017-08-10,0.0
2017-08-11,0.0
2017-08-12,0.0
2017-08-13,0.0
2017-08-14,0.0
2017-08-15,0.0
2017-08-16,0.0
2017-08-17,0.0
2017-08-18,0.0
2017-08-19,0.0
2017-08-20,0.0
2017-08-21,0.0
2017-08-22,0.0
2017-08-23,0.0
2017-08-24,0.0
2017-08-25,0.0
2017-08-26,0.0
2017-08-27,0.0
2017-08-28,0.0
2017-08-29,0.0
2017-08-30,0.0
2017-08-31,0.0
2017-09-01,0.0
2017-09-02,0.0
2017-09-03,0.0
2017-09-04,0.0
2017-09-05,0.0
2017-09-06,0.0
2017-09-07,0.0
2017-09-08,0.0
2017-09-09,0.0
2017-09-10,0.0
2017-09-11,0.0
2017-09-12,0.0
2017-09-13,0.0
2017-09-14,0.0
2017-09-15,0.0
2017-09-16,0.0
2017-09-17,0.0
2017-09-18,0.0
2017-09-19,0.0
2017-09-20,0.0
2017-09-21,0.0
2017-09-22,0.0
2017-09-23,0.0
2017-09-24,0.0
2017-09-25,0.0
2017-09-26,0.0
2017-09-27,0.0
2017-09-28,0.0
2017-09-29,0.0
2017-09-30,0.0
2017-10-01,0.0
2017-10-02,0.0
2017-10-03,0.0
2017-10-04,0.0
2017-10-05,0.0
2017-10-06,0.0
2017-10-07,0.0
2017-10-08,0.0
2017-10-09,0.0
2017-10-10,0.0
2017-10-11,0.0
2017-10-12,0.0
2017-10-13,0.0
2017-10-14,0.0
2017-10-15,0.0
2017-10-16,0.0
2017-10-17,0.0
2017-10-18,0.0
2017-10-19,0.0
2017-10-20,0.0
2017-10-21,0.0
2017-10-22,0.0
2017-10-23,0.0
2017-10-24,0.0
2017-10-25,0.0
2017-10-26,0.0
2017-10-27,0.0
2017-10-28,0.0
2017-10-29,0.0
2017-10-30,0.0
2017-10-31,0.0
2017-11-01,0.0
2017-11-02,0.0
2017-11-03,0.0
2017-11-04,0.0
2017-11-05,0.0
2017-11-06,0.0
2017-11-07,0.0
2017-11-08,0.0
2017-11-09,0.0
2017-11-10,0.0
2017-11-11,0.0
2017-11-12,0.0
2017-11-13,0.0
2017-11-14,0.0
2017-11-15,0.0
2017-11-16,0.0
2017-11-17,0.0
2017-11-18,0.0
2017-11-19,0.0
2017-11-20,0.0
2017-11-21,0.0
2017-11-22,0.0
2017-11-23,0.0
2017-11-24,0.0
2017-11-25,0.0
2017-11-26,0.0
2017-11-27,0.0
2017-11-28,0.0
2017-11-29,0.0
2017-11-30,0.0
2017-12-01,0.0
2017-12-02,0.0
2017-12-03,0.0
2017-12-04,0.0
2017-12-05,0.0
2017-12-06,0.0
2017-12-07,0.0
2017-12-08,0.0
2017-12-09,0.0
2017-12-10,0.0
2017-12-11,0.0
2017-12-12,0.0
2017-12-13,0.0
2017-12-14,0.0
2017-12-15,0.0
2017-12-16,0.0
2017-12-17,0.0
2017-12-18,0.0
2017-12-19,0.0
2017-12-20,0.0
2017-12-21,0.0
2017-12-22,0.0
2017-12-23,0.0
2017-12-24,0.0
2017-12-25,0.0
2017-12-26,0.0
2017-12-27,0.0
2017-12-28,0.0
2017-12-29,0.0
2017-12-30,0.0
2017-12-31,0.0
2018-01-01,0.0
2018-01-02,0.0
2018-01-03,0.0
2018-01-04,0.0
2018-01-05,0.0
2018-01-06,0.0
2018-01-07,0.0
2018-01-08,0.0
2018-01-09,0.0
2018-01-10,0.0
2018-01-11,0.0
2018-01-12,0.0
2018-01-13,0.0
2018-01-14,0.0
2018-01-15,0.0
2018-01-16,0.0
2018-01-17,0.0
2018-01-18,0.0
2018-01-19,0.0
2018-01-20,0.0
2018-01-21,0.0
2018-01-22,0.0
2018-01-23,0.0
2018-01-24,0.0
2018-01-25,0.0
2018-01-26,0.0
2018-01-27,0.0
2018-01-28,0.0
2018-01-29,0.0
2018-01-30,0.0
2018-01-31,0.0
2018-02-01,0.0
2018-02-02,0.0
2018-02-03,0.0
2018-02-04,0.0
2018-02-05,0.0
2018-02-06,0.0
2018-02-07,0.0
2018-02-08,0.0
2018-02-09,0.0
2018-02-10,0.0
2018-02-11,0.0
2018-02-12,0.0
2018-02-13,0.0
2018-02-14,0.0
2018-02-15,0.0
2018-02-16,0.0
2018-02-17,0.0
2018-02-18,0.0
2018-02-19,0.0
2018-02-20,0.0
2018-02-21,0.0
2018-02-22,0.0
2018-02-23,0.0
2018-02-24,0.0
2018-02-25,0.0
2018-02-26,0.0
2018-02-27,0.0
2018-02-28,0.0
2018-03-01,0.0
2018-03-02,0.0
2018-03-03,0.0
2018-03-04,0.0
2018-03-05,0.0
2018-03-06,0.0
2018-03-07,0.0
2018-03-08,0.0
2018-03-09,0.0
2018-03-10,0.0
2018-03-11,0.0
2018-03-12,0.0
2018-03-13,0.0
2018-03-14,0.0
2018-03-15,0.0
2018-03-16,0.0
2018-03-17,0.0
2018-03-18,0.0
2018-03-19,0.0
2018-03-20,0.0
2018-03-21,0.0
2018-03-22,0.0
2018-03-23,0.0
2018-03-24,0.0
2018-03-25,0.0
2018-03-26,0.0
2018-03-27,0.0
2018-03-28,0.0
2018-03-29,0.0
2018-03-30,0.0
2018-03-31,0.0
2018-04-01,0.0
2018-04-02,0.0
2018-04-03,0.0
2018-04-04,0.0
2018-04-05,0.0
2018-04-06,0.0
2018-04-07,0.0
2018-04-08,0.0
2018-04-09,0.0
2018-04-10,0.0
2018-04-11,0.0
2018-04-12,0.0
2018-04-13,0.0
2018-04-14,0.0
2018-04-15,0.0
2018-04-16,0.0
2018-04-17,0.0
2018-04-18,0.0
2018-04-19,0.0
2018-04-20,0.0
2018-04-21,0.0
2018-04-22,0.0
2018-04-23,0.0
2018-04-24,0.0
2018-04-25,0.0
2018-04-26,0.0
2018-04-27,0.0
2018-04-28,0.0
2018-04-29,0.0
2018-04-30,0.0
2018-05-01,0.0
2018-05-02,0.0
2018-05-03,0.0
2018-05-04,0.0
2018-05-05,0.0
2018-05-06,0.0
2018-05-07,0.0
2018-05-08,0.0
2018-05-09,0.0
2018-05-10,0.0
2018-05-11,0.0
2018-05-12,0.0
2018-05-13,0.0
2018-05-14,0.0
2018-05-15,0.0
2018-05-16,0.0
2018-05-17,0.0
2018-05-18,0.0
2018-05-19,0.0
2018-05-20,0.0
2018-05-21,0.0
2018-05-22,0.0
2018-05-23,0.0
2018-05-24,0.0
2018-05-25,0.0
2018-05-26,0.0
2018-05-27,0.0
2018-05-28,0.0
2018-05-29,0.0
2018-05-30,0.0
2018-05-31,0.0
2018-06-01,0.0
2018-06-02,0.0
2018-06-03,0.0
2018-06-04,0.0
2018-06-05,0.0
2018-06-06,0.0
2018-06-07,0.0
2018-06-08,0.0
2018-06-09,0.0
2018-06-10,0.0
2018-06-11,0.0
2018-06-12,0.0
2018-06-13,0.0
2018-06-14,0.0
2018-06-15,0.0
2018-06-16,0.0
2018-06-17,0.0
2018-06-18,0.0
2018-06-19,0.0
2018-06-20,0.0
2018-06-21,0.0
2018-06-22,0.0
2018-06-23,0.0
2018-06-24,0.0
2018-06-25,0.0
2018-06-26,0.0
2018-06-27,0.0
2018-06-28,0.0
2018-06-29,0.0
2018-06-30,0.0
2018-07-01,0.0
2018-07-02,0.0
2018-07-03,0.0
2018-07-04,0.0
2018-07-05,0.0
2018-07-06,0.0
2018-07-07,0.0
2018-07-08,0.0
2018-07-09,0.0
2018-07-10,0.0
2018-07-11,0.0
2018-07-12,0.0
2018-07-13,0.0
2018-07-14,0.0
2018-07-15,0.0
2018-07-16,0.0
2018-07-17,0.0
2018-07-18,0.0
2018-07-19,0.0
2018-07-20,0.0
2018-07-21,0.0
2018-07-22,0.0
2018-07-23,0.0
2018-07-24,0.0
2018-07-25,0.0
2018-07-26,0.0
2018-07-27,0.0
2018-07-28,0.0
2018-07-29,0.0
2018-07-30,0.0
2018-07-31,0.0
2018-08-01,0.0
2018-08-02,0.0
2018-08-03,0.0
2018-08-04,0.0
2018-08-05,0.0
2018-08-06,0.0
2018-08-07,0.0
2018-08-08,0.0
2018-08-09,0.0
2018-08-10,0.0
2018-08-11,0.0
2018-08-12,0.0
2018-08-13,0.0
2018-08-14,0.0
2018-08-15,0.0
2018-08-16,0.0
2018-08-17,0.0
2018-08-18,0.0
2018-08-19,0.0
2018-08-20,0.0
2018-08-21,0.0
2018-08-22,0.0
2018-08-23,0.0
2018-08-24,0.0
2018-08-25,0.0
2018-08-26,0.0
2018-08-27,0.0
2018-08-28,0.0
2018-08-29,0.0
2018-08-30,0.0
2018-08-31,0.0
2018-09-01,0.0
2018-09-02,0.0
2018-09-03,0.0
2018-09-04,0.0
2018-09-05,0.0
2018-09-06,0.0
2018-09-07,0.0
2018-09-08,0.0
2018-09-09,0.0
2018-09-10,0.0
2018-09-11,0.0
2018-09-12,0.0
2018-09-13,0.0
2018-09-14,0.0
2018-09-15,0.0
2018-09-16,0.0
2018-09-17,0.0
2018-09-18,0.0
2018-09-19,0.0
2018-09-20,0.0
2018-09-21,0.0
2018-09-22,0.0
2018-09-23,0.0
2018-09-24,0.0
2018-09-25,0.0
2018-09-26,0.0
2018-09-27,0.0
2018-09-28,0.0
2018-09-29,0.0
2018-09-30,0.0
2018-10-01,0.0
2018-10-02,0.0
2018-10-03,0.0
2018-10-04,0.0
2018-10-05,0.0
2018-10-06,0.0
2018-10-07,0.0
2018-10-08,0.0
2018-10-09,0.0
2018-10-10,0.0
2018-10-11,0.0
2018-10-12,0.0
2018-10-13,0.0
2018-10-14,0.0
2018-10-15,0.0
2018-10-16,0.0
2018-10-17,0.0
2018-10-18,0.0
2018-10-19,0.0
2018-10-20,0.0
2018-10-21,0.0
2018-10-22,0.0
2018-10-23,0.0
2018-10-24,0.0
2018-10-25,0.0
2018-10-26,0.0
2018-10-27,0.0
2018-10-28,0.0
2018-10-29,0.0
2018-10-30,0.0
2018-10-31,0.0
2018-11-01,0.0
2018-11-02,0.0
2018-11-03,0.0
2018-11-04,0.0
2018-11-05,0.0
2018-11-06,0.0
2018-11-07,0.0
2018-11-08,0.0
2018-11-09,0.0
2018-11-10,0.0
2018-11-11,0.0
2018-11-12,0.0
2018-11-13,0.0
2018-11-14,0.0
2018-11-15,0.0
2018-11-16,0.0
2018-11-17,0.0
2018-11-18,0.0
2018-11-19,0.0
2018-11-20,0.0
2018-11-21,0.0
2018-11-22,0.0
2018-11-23,0.0
2018-11-24,0.0
2018-11-25,0.0
2018-11-26,0.0
2018-11-27,0.0
2018-11-28,0.0
2018-11-29,0.0
2018-11-30,0.0
2018-12-01,0.0
2018-12-02,0.0
2018-12-03,0.0
2018-12-04,0.0
2018-12-05,0.0
2018-12-06,0.0
2018-12-07,0.0
2018-12-08,0.0
2018-12-09,0.0
2018-12-10,0.0
2018-12-11,0.0
2018-12-12,0.0
2018-12-13,0.0
2018-12-14,0.0
2018-12-15,0.0
2018-12-16,0.0
2018-12-17,0.0
2018-12-18,0.0
2018-12-19,0.0
2018-12-20,0.0
2018-12-21,0.0
2018-12-22,0.0
2018-12-23,0.0
2018-12-24,0.0
2018-12-25,0.0
2018-12-26,0.0
2018-12-27,0.0
2018-12-28,0.0
2018-12-29,0.0
2018-12-30,0.0
2018-12-31,0.0
2019-01-01,0.0
2019-01-02,0.0
2019-01-03,0.0
2019-01-04,0.0
2019-01-05,0.0
2019-01-06,0.0
2019-01-07,0.0
2019-01-08,0.0
2019-01-09,0.0
2019-01-10,0.0
2019-01-11,0.0
2019-01-12,0.0
2019-01-13,0.0
2019-01-14,0.0
2019-01-15,0.0
2019-01-16,0.0
2019-01-17,0.0
2019-01-18,0.0
2019-01-19,0.0
2019-01-20,0.0
2019-01-21,0.0
2019-01-22,0.0
2019-01-23,0.0
2019-01-24,0.0
2019-01-25,0.0
2019-01-26,0.0
2019-01-27,0.0
2019-01-28,0.0
2019-01-29,0.0
2019-01-30,0.0
2019-01-31,0.0
2019-02-01,0.0
2019-02-02,0.0
2019-02-03,0.0
2019-02-04,0.0
2019-02-05,0.0
2019-02-06,0.0
2019-02-07,0.0
2019-02-08,0.0
2019-02-09,0.0
2019-02-10,0.0
2019-02-11,0.0
2019-02-12,0.0
2019-02-13,0.0
2019-02-14,0.0
2019-02-15,0.0
2019-02-16,0.0
2019-02-17,0.0
2019-02-18,0.0
2019-02-19,0.0
2019-02-20,0.0
2019-02-21,0.0
2019-02-22,0.0
2019-02-23,0.0
2019-02-24,0.0
2019-02-25,0.0
2019-02-26,0.0
2019-02-27,0.0
2019-02-28,0.0
2019-03-01,0.0
2019-03-02,0.0
2019-03-03,0.0
2019-03-04,0.0
2019-03-05,0.0
2019-03-06,0.0
2019-03-07,0.0
2019-03-08,0.0
2019-03-09,0.0
2019-03-10,0.0
2019-03-11,0.0
2019-03-12,0.0
2019-03-13,0.0
2019-03-14,0.0
2019-03-15,0.0
2019-03-16,0.0
2019-03-17,0.0
2019-03-18,0.0
2019-03-19,0.0
2019-03-20,0.0
2019-03-21,0.0
2019-03-22,0.0
2019-03-23,0.0
2019-03-24,0.0
2019-03-25,0.0
2019-03-26,0.0
2019-03-27,0.0
2019-03-28,0.0
2019-03-29,0.0
2019-03-30,0.0
2019-03-31,0.0
2019-04-01,0.0
2019-04-02,0.0
2019-04-03,0.0
2019-04-04,0.0
2019-04-05,0.0
2019-04-06,0.0
2019-04-07,0.0
2019-04-08,0.0
2019-04-09,0.0
2019-04-10,0.0
2019-04-11,0.0
2019-04-12,0.0
2019-04-13,0.0
2019-04-14,0.0
2019-04-15,0.0
2019-04-16,0.0
2019-04-17,0.0
2019-04-18,0.0
2019-04-19,0.0
2019-04-20,0.0
2019-04-21,0.0
2019-04-22,0.0
2019-04-23,0.0
2019-04-24,0.0
2019-04-25,0.0
2019-04-26,0.0
2019-04-27,0.0
2019-04-28,0.0
2019-04-29,0.0
2019-04-30,0.0
2019-05-01,0.0
2019-05-02,0.0
2019-05-03,0.0
2019-05-04,0.0
2019-05-05,0.0
2019-05-06,0.0
2019-05-07,0.0
2019-05-08,0.0
2019-05-09,0.0
2019-05-10,0.0
2019-05-11,0.0
2019-05-12,0.0
2019-05-13,0.0
2019-05-14,0.0
2019-05-15,0.0
2019-05-16,0.0
2019-05-17,0.0
2019-05-18,0.0
2019-05-19,0.0
2019-05-20,0.0
2019-05-21,0.0
2019-05-22,0.0
2019-05-23,0.0
2019-05-24,0.0
2019-05-25,0.0
2019-05-26,0.0
2019-05-27,0.0
2019-05-28,0.0
2019-05-29,0.0
2019-05-30,0.0
2019-05-31,0.0
2019-06-01,0.0
2019-06-02,0.0
2019-06-03,0.0
2019-06-04,0.0
2019-06-05,0.0
2019-06-06,0.0
2019-06-07,0.0
2019-06-08,0.0
2019-06-09,0.0
2019-06-10,0.0
2019-06-11,0.0
2019-06-12,0.0
2019-06-13,0.0
2019-06-14,0.0
2019-06-15,0.0
2019-06-16,0.0
2019-06-17,0.0
2019-06-18,0.0
2019-06-19,0.0
2019-06-20,0.0
2019-06-21,0.0
2019-06-22,0.0
2019-06-23,0.0
2019-06-24,0.0
2019-06-25,0.0
2019-06-26,0.0
2019-06-27,0.0
2019-06-28,0.0
2019-06-29,0.0
2019-06-30,0.0
2019-07-01,0.0
2019-07-02,0.0
2019-07-03,0.0
2019-07-04,0.0
2019-07-05,0.0
2019-07-06,0.0
2019-07-07,0.0
2019-07-08,0.0
2019-07-09,0.0
2019-07-10,0.0
2019-07-11,0.0
2019-07-12,0.0
2019-07-13,0.0
2019-07-14,0.0
2019-07-15,0.0
2019-07-16,0.0
2019-07-17,0.0
2019-07-18,0.0
2019-07-19,0.0
2019-07-20,0.0
2019-07-21,0.0
2019-07-22,0.0
2019-07-23,0.0
2019-07-24,0.0
2019-07-25,0.0
2019-07-26,0.0
2019-07-27,0.0
2019-07-28,0.0
2019-07-29,0.0
2019-07-30,0.0
2019-07-31,0.0
2019-08-01,0.0
2019-08-02,0.0
2019-08-03,0.0
2019-08-04,0.0
2019-08-05,0.0
2019-08-06,0.0
2019-08-07,0.0
2019-08-08,0.0
2019-08-09,0.0
2019-08-10,0.0
2019-08-11,0.0
2019-08-12,0.0
2019-08-13,0.0
2019-08-14,0.0
2019-08-15,0.0
2019-08-16,0.0
2019-08-17,0.0
2019-08-18,0.0
2019-08-19,0.0
2019-08-20,0.0
2019-08-21,0.0
2019-08-22,0.0
2019-08-23,0.0
2019-08-24,0.0
2019-08-25,0.0
2019-08-26,0.0
2019-08-27,0.0
2019-08-28,0.0
2019-08-29,0.0
2019-08-30,0.0
2019-08-31,0.0
2019-09-01,0.0
2019-09-02,0.0
2019-09-03,0.0
2019-09-04,0.0
2019-09-05,0.0
2019-09-06,0.0
2019-09-07,0.0
2019-09-08,0.0
2019-09-09,0.0
2019-09-10,0.0
2019-09-11,0.0
2019-09-12,0.0
2019-09-13,0.0
2019-09-14,0.0
2019-09-15,0.0
2019-09-16,0.0
2019-09-17,0.0
2019-09-18,0.0
2019-09-19,0.0
2019-09-20,0.0
2019-09-21,0.0
2019-09-22,0.0
2019-09-23,0.0
2019-09-24,0.0
2019-09-25,0.0
2019-09-26,0.0
2019-09-27,0.0
2019-09-28,0.0
2019-09-29,0.0
2019-09-30,0.0
2019-10-01,0.0
2019-10-02,0.0
2019-10-03,0.0
2019-10-04,0.0
2019-10-05,0.0
2019-10-06,0.0
2019-10-07,0.0
2019-10-08,0.0
2019-10-09,0.0
2019-10-10,0.0
2019-10-11,0.0
2019-10-12,0.0
2019-10-13,0.0
2019-10-14,0.0
2019-10-15,0.0
2019-10-16,0.0
2019-10-17,0.0
2019-10-18,0.0
2019-10-19,0.0
2019-10-20,0.0
2019-10-21,0.0
2019-10-22,0.0
2019-10-23,0.0
2019-10-24,0.0
2019-10-25,0.0
2019-10-26,0.0
2019-10-27,0.0
2019-10-28,0.0
2019-10-29,0.0
2019-10-30,0.0
2019-10-31,0.0
2019-11-01,0.0
2019-11-02,0.0
2019-11-03,0.0
2019-11-04,0.0
2019-11-05,0.0
2019-11-06,0.0
2019-11-07,0.0
2019-11-08,0.0
2019-11-09,0.0
2019-11-10,0.0
2019-11-11,0.0
2019-11-12,0.0
2019-11-13,0.0
2019-11-14,0.0
2019-11-15,0.0
2019-11-16,0.0
2019-11-17,0.0
2019-11-18,0.0
2019-11-19,0.0
2019-11-20,0.0
2019-11-21,0.0
2019-11-22,0.0
2019-11-23,0.0
2019-11-24,0.0
2019-11-25,0.0
2019-11-26,0.0
2019-11-27,0.0
2019-11-28,0.0
2019-11-29,0.0
2019-11-30,0.0
2019-12-01,0.0
2019-12-02,0.0
2019-12-03,0.0
2019-12-04,0.0
2019-12-05,0.0
2019-12-06,0.0
2019-12-07,0.0
2019-12-08,0.0
2019-12-09,0.0
2019-12-10,0.0
2019-12-11,0.0
2019-12-12,0.0
2019-12-13,0.0
2019-12-14,0.0
2019-12-15,0.0
2019-12-16,0.0
2019-12-17,0.0
2019-12-18,0.0
2019-12-19,0.0
2019-12-20,0.0
2019-12-21,0.0
2019-12-22,0.0
2019-12-23,0.0
2019-12-24,0.0
2019-12-25,0.0
2019-12-26,0.0
2019-12-27,0.0
2019-12-28,0.0
2019-12-29,0.0
2019-12-30,0.0
2019-12-31,0.0
2020-01-01,-0.1700718599033816
2020-01-02,-0.1666690821256038
2020-01-03,-0.1698343185863209
2020-01-04,-0.1698464594457157
2020-01-05,-0.0713700101703534
2020-01-06,-0.0948875222476481
2020-01-07,-0.1117542270531401
2020-01-08,-0.0998090198321891
2020-01-09,-0.1280289855072464
2020-01-10,-0.1377234299516908
2020-01-11,-0.1166292270531401
2020-01-12,-0.1491896453089245
2020-01-13,-0.1415483409610984
2020-01-14,-0.1484927854055428
2020-01-15,-0.1357077612509534
2020-01-16,-0.1795434782608695
2020-01-17,-0.1812657004830918
2020-01-18,-0.1616679061784897
2020-01-19,-0.1429384375794558
2020-01-20,-0.1541352974828375
2020-01-21,-0.1537246694635138
2020-01-22,-0.1579644355453852
2020-01-23,-0.1558335558098144
2020-01-24,-0.167959763539283
2020-01-25,-0.1620569857615052
2020-01-26,-0.1688393719806763
2020-01-27,-0.1726588164251208
2020-01-28,-0.1746600241545893
2020-01-29,-0.1922252415458937
2020-01-30,-0.1795189422832443
2020-01-31,-0.1790372171370455
2020-02-01,-0.1730939804220697
2020-02-02,-0.1540058161708619
2020-02-03,-0.2062264492753623
2020-02-04,-0.2031153381642512
2020-02-05,-0.1956268115942029
2020-02-06,-0.1405012077294686
2020-02-07,-0.1606992753623188
2020-02-08,-0.1530603864734299
2020-02-09,-0.2302714646464646
2020-02-10,-0.2383687417654809
2020-02-11,-0.2303075396825397
2020-02-12,-0.2306547619047619
2020-02-13,-0.2181947168646253
2020-02-14,-0.2213585367404017
2020-02-15,-0.1648103864734299
2020-02-16,-0.159743452834986
2020-02-17,-0.1527302949402491
2020-02-18,-0.2014176065162908
2020-02-19,-0.1490932176455632
2020-02-20,-0.1601040872107806
2020-02-21,-0.154368961352657
2020-02-22,-0.1617548309178744
2020-02-23,-0.2092995169082125
2020-02-24,-0.2003907004830918
2020-02-25,-0.2032457729468599
2020-02-26,-0.1377143719806763
2020-02-27,-0.1345742753623188
2020-02-28,-0.1195034642766336
2020-02-29,-0.1269722222222222
2020-03-01,-0.1510541889143148
2020-03-02,-0.1546097444698703
2020-03-03,-0.1443488749046529
2020-03-04,-0.1417558797355708
2020-03-05,-0.1752512077294686
2020-03-06,-0.1740507246376812
2020-03-07,-0.1662234299516908
2020-03-08,-0.1909607397115978
2020-03-09,-0.19443296193382
2020-03-10,-0.1824082034797137
2020-03-11,-0.1804359812574915
2020-03-12,-0.1879119220151828
2020-03-13,-0.21067977915804
2020-03-14,-0.1975759144237405
2020-03-15,-0.1735119047619047
2020-03-16,-0.2087948585231193
2020-03-17,-0.1985593512767426
2020-03-18,-0.2508461870255349
2020-03-19,-0.2821991890959283
2020-03-20,-0.21043961352657
2020-03-21,-0.1435108695652173
2020-03-22,-0.1498164251207729
2020-03-23,-0.1357790581526279
2020-03-24,-0.1292403381642512
2020-03-25,-0.1752874396135265
2020-03-26,-0.1132771739130434
2020-03-27,-0.1107850241545893
2020-03-28,-0.1829915458937198
2020-03-29,-0.1990531400966183
2020-03-30,-0.1745036231884058
2020-03-31,-0.1847807971014492
2020-04-01,-0.1026841787439613
2020-04-02,-0.0954800724637681
2020-04-03,-0.0702777777777777
2020-04-04,-0.1321588164251207
2020-04-05,-0.0478411835748792
2020-04-06,-0.0755917874396135
2020-04-07,-0.0786624396135265
2020-04-08,-0.0940247584541063
2020-04-09,-0.0864734299516908
2020-04-10,-0.0644414251207729
2020-04-11,-0.087506038647343
2020-04-12,-0.0726721014492753
2020-04-13,-0.0873882850241545
2020-04-14,-0.0850241545893719
2020-04-15,-0.0803140096618357
2020-04-16,-0.0844927536231884
2020-04-17,-0.0790821256038647
2020-04-18,-0.088647342995169
2020-04-19,-0.0727657004830917
2020-04-20,-0.0902415458937198
2020-04-21,-0.0838224637681159
2020-04-22,-0.0588949275362318
2020-04-23,-0.0566183574879226
2020-04-24,-0.0577053140096618
2020-04-25,-0.0719082125603864
2020-04-26,-0.0518599033816425
2020-04-27,-0.027512077294686
2020-04-28,-0.079975845410628
2020-04-29,-0.0524184782608695
2020-04-30,-0.0609148550724637
2020-05-01,-0.078743961352657
2020-05-02,-0.0866425120772946
2020-05-03,-0.0341334541062802
2020-05-04,-0.0475543478260869
2020-05-05,-0.0486231884057971
2020-05-06,-0.0631763285024154
2020-05-07,-0.0869202898550724
2020-05-08,-0.1160326086956521
2020-05-09,-0.1319987922705314
2020-05-10,-0.0652958937198067
2020-05-11,-0.0852506038647343
2020-05-12,-0.0900935990338164
2020-05-13,-0.0711080917874396
2020-05-14,-0.107183519982433
2020-05-15,-0.0677536231884058
2020-05-16,-0.1385597826086956
2020-05-17,-0.121183574879227
2020-05-18,-0.1054524672187715
2020-05-19,-0.1129921497584541
2020-05-20,-0.0984993961352657
2020-05-21,-0.0877143719806763
2020-05-22,-0.0868236714975845
2020-05-23,-0.0573399758454106
2020-05-24,-0.0808182367149758
2020-05-25,-0.079927536231884
2020-05-26,-0.0742512077294686
2020-05-27,-0.0887741545893719
2020-05-28,-0.1120440821256038
2020-05-29,-0.1192240338164251
2020-05-30,-0.1430599472990777
2020-05-31,-0.0888979468599033
2020-06-01,-0.1707441260430391
2020-06-02,-0.1001841787439613
2020-06-03,-0.1004274499654934
2020-06-04,-0.1647870004391743
2020-06-05,-0.1190670289855072
2020-06-06,-0.1813405797101449
2020-06-07,-0.1348762077294686
2020-06-08,-0.2290851449275362
2020-06-09,-0.1760960144927536
2020-06-10,-0.1878955314009662
2020-06-11,-0.1026026570048309
2020-06-12,-0.1247524154589372
2020-06-13,-0.1096407004830918
2020-06-14,-0.0997161835748792
2020-06-15,-0.1195712560386473
2020-06-16,-0.1133846618357488
2020-06-17,-0.1419444444444444
2020-06-18,-0.1083665458937198
2020-06-19,-0.1083665458937198
2020-06-20,-0.1184329710144927
2020-06-21,-0.1048097826086956
2020-06-22,-0.1310688405797101
2020-06-23,-0.1286352657004831
2020-06-24,-0.1215428743961352
2020-06-25,-0.1111443236714975
2020-06-26,-0.1353472222222222
2020-06-27,-0.1243659420289855
2020-06-28,-0.1071648550724637
2020-06-29,-0.1133876811594202
2020-06-30,-0.1271407004830918
2020-07-01,-0.1846753432494279
2020-07-02,-0.1537097953216374
2020-07-03,-0.1542763157894737
2020-07-04,-0.1222190439867785
2020-07-05,-0.103403890160183
2020-07-06,-0.1592542270531401
2020-07-07,-0.1480215484363082
2020-07-08,-0.1411891367912535
2020-07-09,-0.1834088164251207
2020-07-10,-0.1837925883549453
2020-07-11,-0.1282068395626747
2020-07-12,-0.1261235062293414
2020-07-13,-0.1505299707602339
2020-07-14,-0.1501199783879989
2020-07-15,-0.1816806509026189
2020-07-16,-0.1483473175692855
2020-07-17,-0.1468980422069667
2020-07-18,-0.1219735252987541
2020-07-19,-0.0911223938469361
2020-07-20,-0.1397120518688024
2020-07-21,-0.1566271265284423
2020-07-22,-0.2038709463051568
2020-07-23,-0.159688995215311
2020-07-24,-0.1923561270600744
2020-07-25,-0.1505947634237107
2020-07-26,-0.1809825225943646
2020-07-27,-0.2142028841041998
2020-07-28,-0.2352707326892109
2020-07-29,-0.2541420353419781
2020-07-30,-0.2715011961722488
2020-07-31,-0.2632165957823852
2020-08-01,-0.2467088649654439
2020-08-02,-0.2340920749508007
2020-08-03,-0.3277179691653376
2020-08-04,-0.2737107921318447
2020-08-05,-0.2737423577884104
2020-08-06,-0.2859942628034733
2020-08-07,-0.2406755729745161
2020-08-08,-0.2138343570596973
2020-08-09,-0.2819669848247621
2020-08-10,-0.249120716073173
2020-08-11,-0.2458185294471877
2020-08-12,-0.2559255272525325
2020-08-13,-0.2542906178489702
2020-08-14,-0.2537389291465379
2020-08-15,-0.2602116704805492
2020-08-16,-0.301887077294686
2020-08-17,-0.2299747330282227
2020-08-18,-0.2952938278667684
2020-08-19,-0.2887140859394864
2020-08-20,-0.301926805237732
2020-08-21,-0.344379290617849
2020-08-22,-0.281209477498093
2020-08-23,-0.2191994554623273
2020-08-24,-0.3275529176201373
2020-08-25,-0.3285945842868039
2020-08-26,-0.2339766611577252
2020-08-27,-0.3260885456394609
2020-08-28,-0.2833794177472667
2020-08-29,-0.280330695397915
2020-08-30,-0.1724804538520214
2020-08-31,-0.122730809591357
2020-09-01,-0.1942386536994661
2020-09-02,-0.145829890244936
2020-09-03,-0.1126263348588863
2020-09-04,-0.1577159610983982
2020-09-05,-0.1178664505466565
2020-09-06,-0.0871186117467582
2020-09-07,-0.1797609966946352
2020-09-08,-0.1239980612763793
2020-09-09,-0.1195421751843377
2020-09-10,-0.1555778032036613
2020-09-11,-0.1351258581235698
2020-09-12,-0.1463799898296466
2020-09-13,-0.1181898360030511
2020-09-14,-0.109914505466565
2020-09-15,-0.1347619501652683
2020-09-16,-0.1564255975082634
2020-09-17,-0.1790554284261378
2020-09-18,-0.1277809560132214
2020-09-19,-0.1425375031782354
2020-09-20,-0.1173507818459191
2020-09-21,-0.136171497584541
2020-09-22,-0.1221960017798118
2020-09-23,-0.0948401347571828
2020-09-24,-0.1141013598139202
2020-09-25,-0.153324434274091
2020-09-26,-0.1169264874141876
2020-09-27,-0.1217637617594711
2020-09-28,-0.1282203470633104
2020-09-29,-0.1755522184083397
2020-09-30,-0.1717335685227562
2020-10-01,-0.1326237922705314
2020-10-02,-0.0957276570048309
2020-10-03,-0.1065519323671497
2020-10-04,-0.0989281400966183
2020-10-05,-0.1247886473429951
2020-10-06,-0.1560386473429951
2020-10-07,-0.199449659639877
2020-10-08,-0.1467089371980676
2020-10-09,-0.1383756038647343
2020-10-10,-0.2015700483091787
2020-10-11,-0.1888888888888889
2020-10-12,-0.2022342995169082
2020-10-13,-0.1735507246376811
2020-10-14,-0.1321208365115688
2020-10-15,-0.1717542270531401
2020-10-16,-0.1383859331299262
2020-10-17,-0.1611564009661835
2020-10-18,-0.1417048054919908
2020-10-19,-0.2155495169082125
2020-10-20,-0.1501056763285024
2020-10-21,-0.0851650563607085
2020-10-22,-0.2150966183574879
2020-10-23,-0.2016304347826087
2020-10-24,-0.2472675120772947
2020-10-25,-0.1703502415458937
2020-10-26,-0.2032065747097211
2020-10-27,-0.1658593948639715
2020-10-28,-0.1895380434782608
2020-10-29,-0.1998853186710738
2020-10-30,-0.2108772459530468
2020-10-31,-0.2210597826086956
2020-11-01,-0.2012530193236715
2020-11-02,-0.2759510869565217
2020-11-03,-0.2188254830917874
2020-11-04,-0.2096316425120773
2020-11-05,-0.2238224637681159
2020-11-06,-0.2238224637681159
2020-11-07,-0.1578836130180523
2020-11-08,-0.1775966183574879
2020-11-09,-0.2531130816170862
2020-11-10,-0.2523733473175693
2020-11-11,-0.2822161835748792
2020-11-12,-0.2825634057971014
2020-11-13,-0.2596769323671498
2020-11-14,-0.2832125603864734
2020-11-15,-0.2592995169082125
2020-11-16,-0.2672840389016018
2020-11-17,-0.2483242753623188
2020-11-18,-0.2515247584541063
2020-11-19,-0.2233067950673786
2020-11-20,-0.2737890922959573
2020-11-21,-0.1827445652173912
2020-11-22,-0.2921195652173913
2020-11-23,-0.2949275362318841
2020-11-24,-0.2568538647342995
2020-11-25,-0.3010869565217391
2020-11-26,-0.2996376811594203
2020-11-27,-0.2790760869565218
2020-11-28,-0.2548587274345283
2020-11-29,-0.2285175120772946
2020-11-30,-0.2993659420289855
2020-12-01,-0.2727204106280194
2020-12-02,-0.2340277777777778
2020-12-03,-0.243877305986383
2020-12-04,-0.2882548309178743
2020-12-05,-0.240006038647343
2020-12-06,-0.2807518115942029
2020-12-07,-0.222951009266322
2020-12-08,-0.2628472222222222
2020-12-09,-0.2929196859903382
2020-12-10,-0.2437390527445828
2020-12-11,-0.2155536662711529
2020-12-12,-0.221844806763285
2020-12-13,-0.2254679951690821
2020-12-14,-0.2772493961352657
2020-12-15,-0.2650856711020708
2020-12-16,-0.2548954537107664
2020-12-17,-0.2743055555555556
2020-12-18,-0.2764039855072464
2020-12-19,-0.2008907004830918
2020-12-20,-0.2960144927536232
2020-12-21,-0.2529127644998163
2020-12-22,-0.2961343828573042
2020-12-23,-0.2903372814080289
2020-12-24,-0.2831521739130435
2020-12-25,-0.2322161835748792
2020-12-26,-0.2129528985507246
2020-12-27,-0.238677536231884
2020-12-28,-0.2967391304347826
2020-12-29,-0.3190519323671498
2020-12-30,-0.3251207729468599
2020-12-31,-0.317113208746504
2021-01-01,-0.41637077294686
2021-01-02,-0.3513949275362319
2021-01-03,-0.4216304347826087
2021-01-04,-0.3279408212560387
2021-01-05,-0.3478200483091788
2021-01-06,-0.4423128019323672
2021-01-07,-0.4548490338164252
2021-01-08,-0.3381219806763285
2021-01-09,-0.4239673913043478
2021-01-10,-0.413725845410628
2021-01-11,-0.3516908212560387
2021-01-12,-0.4309239130434783
2021-01-13,-0.4135326086956521
2021-01-14,-0.352493961352657
2021-01-15,-0.4155132850241546
2021-01-16,-0.4186050724637681
2021-01-17,-0.4291606280193237
2021-01-18,-0.4286050724637681
2021-01-19,-0.3515760869565218
2021-01-20,-0.322530193236715
2021-01-21,-0.4078502415458937
2021-01-22,-0.2889130434782608
2021-01-23,-0.3824456521739131
2021-01-24,-0.2992270531400966
2021-01-25,-0.4035628019323671
2021-01-26,-0.3866425120772947
2021-01-27,-0.4045108695652173
2021-01-28,-0.3752898550724637
2021-01-29,-0.3093176328502415
2021-01-30,-0.3755072463768116
2021-01-31,-0.3652355072463768
2021-02-01,-0.3067934782608696
2021-02-02,-0.4050181159420289
2021-02-03,-0.4173369565217391
2021-02-04,-0.4247041062801932
2021-02-05,-0.4134963768115942
2021-02-06,-0.3739673913043478
2021-02-07,-0.4471135265700483
2021-02-08,-0.4746799516908213
2021-02-09,-0.3904227053140097
2021-02-10,-0.4831340579710145
2021-02-11,-0.4643599033816425
2021-02-12,-0.4768840579710146
2021-02-13,-0.4562137681159421
2021-02-14,-0.3754045893719807
2021-02-15,-0.396153381642512
2021-02-16,-0.3971256038647343
2021-02-17,-0.3964975845410627
2021-02-18,-0.4007487922705314
2021-02-19,-0.4047886473429952
2021-02-20,-0.4824214975845411
2021-02-21,-0.4002536231884058
2021-02-22,-0.474945652173913
2021-02-23,-0.4545350241545893
2021-02-24,-0.4520954106280193
2021-02-25,-0.4414009661835749
2021-02-26,-0.4413828502415458
2021-02-27,-0.4247403381642512
2021-02-28,-0.4161835748792271
2021-03-01,-0.4469323671497585
2021-03-02,-0.4570531400966183
2021-03-03,-0.4454649758454106
2021-03-04,-0.4327173913043478
2021-03-05,-0.3564915458937198
2021-03-06,-0.3564915458937198
2021-03-07,-0.4685809178743961
2021-03-08,-0.4420350241545893
2021-03-09,-0.4347946859903381
2021-03-10,-0.4428562801932367
2021-03-11,-0.4551751207729469
2021-03-12,-0.4479287439613526
2021-03-13,-0.4758333333333334
2021-03-14,-0.4393115942028986
2021-03-15,-0.3548913043478261
2021-03-16,-0.4274214975845411
2021-03-17,-0.3583272946859903
2021-03-18,-0.4338707729468599
2021-03-19,-0.3616304347826087
2021-03-20,-0.4242089371980677
2021-03-21,-0.3657608695652174
2021-03-22,-0.3646557971014493
2021-03-23,-0.4566968599033816
2021-03-24,-0.4565700483091787
2021-03-25,-0.3817391304347826
2021-03-26,-0.4028623188405797
2021-03-27,-0.4833091787439613
2021-03-28,-0.4857487922705314
2021-03-29,-0.4544806763285025
2021-03-30,-0.4565036231884058
2021-03-31,-0.4526449275362318
2021-04-01,-0.4898029205094422
2021-04-02,-0.4836791831357048
2021-04-03,-0.4145476504172156
2021-04-04,-0.4739569609134826
2021-04-05,-0.403550450153711
2021-04-06,-0.4052385265700483
2021-04-07,-0.4055637900746596
2021-04-08,-0.4752525252525252
2021-04-09,-0.4599747474747475
2021-04-10,-0.474905303030303
2021-04-11,-0.4739542160737812
2021-04-12,-0.4721508563899868
2021-04-13,-0.4811786341677646
2021-04-14,-0.4093351998243302
2021-04-15,-0.4815574220465524
2021-04-16,-0.4770435331576635
2021-04-17,-0.4766647452788756
2021-04-18,-0.466923309178744
2021-04-19,-0.463507160110421
2021-04-20,-0.4728933355292051
2021-04-21,-0.4555210489993099
2021-04-22,-0.4508022774327122
2021-04-23,-0.3769296223100571
2021-04-24,-0.4384099143610013
2021-04-25,-0.3945075757575758
2021-04-26,-0.4216416886253842
2021-04-27,-0.4166858805445761
2021-04-28,-0.4120457290294246
2021-04-29,-0.4139451581027668
2021-04-30,-0.423242054936719
2021-05-01,-0.3840059438256078
2021-05-02,-0.3778065985946421
2021-05-03,-0.3407416556873079
2021-05-04,-0.3014259442248573
2021-05-05,-0.3996747364953886
2021-05-06,-0.3939448836187966
2021-05-07,-0.3976353205972771
2021-05-08,-0.336360891523935
2021-05-09,-0.3928442028985507
2021-05-10,-0.2969971453667105
2021-05-11,-0.3042888120333772
2021-05-12,-0.3574069499341238
2021-05-13,-0.3088054457619675
2021-05-14,-0.3233283926218709
2021-05-15,-0.3740255819060167
2021-05-16,-0.3628595740008783
2021-05-17,-0.2660257465963987
2021-05-18,-0.2712972112428634
2021-05-19,-0.1993288866930171
2021-05-20,-0.1467405028546333
2021-05-21,-0.2045523166447079
2021-05-22,-0.1989212779973649
2021-05-23,-0.1501825318401405
2021-05-24,-0.1857199714536671
2021-05-25,-0.1859999451032059
2021-05-26,-0.2014986824769433
2021-05-27,-0.2047815107597716
2021-05-28,-0.1845904699165569
2021-05-29,-0.1845904699165569
2021-05-30,-0.1902969916556872
2021-05-31,-0.1697518664909969
2021-06-01,-0.1315354633289416
2021-06-02,-0.2375507795344752
2021-06-03,-0.1167023495827843
2021-06-04,-0.2496884606938954
2021-06-05,-0.2515824000878349
2021-06-06,-0.2528642402283707
2021-06-07,-0.1822120663153272
2021-06-08,-0.1400774044795784
2021-06-09,-0.178748078612209
2021-06-10,-0.1731870333772507
2021-06-11,-0.1714056324110671
2021-06-12,-0.1818072024593763
2021-06-13,-0.1801067742643829
2021-06-14,-0.1380860232762406
2021-06-15,-0.1771327404479578
2021-06-16,-0.1706933465085639
2021-06-17,-0.1674736495388669
2021-06-18,-0.1814833113746157
2021-06-19,-0.1803469477382521
2021-06-20,-0.1740969477382521
2021-06-21,-0.1248586407553798
2021-06-22,-0.1511596947738252
2021-06-23,-0.1628980017566974
2021-06-24,-0.1177591128678085
2021-06-25,-0.1249341238471673
2021-06-26,-0.1100186649099692
2021-06-27,-0.1637694883618796
2021-06-28,-0.1369180939833113
2021-06-29,-0.147334760649978
2021-06-30,-0.1387296881862099
2021-07-01,-0.0790724637681159
2021-07-02,-0.0725652173913043
2021-07-03,-0.0582608695652174
2021-07-04,-0.055927536231884
2021-07-05,-0.0565942028985507
2021-07-06,-0.0488840579710145
2021-07-07,-0.0458260869565217
2021-07-08,-0.0338695652173913
2021-07-09,-0.0358550724637681
2021-07-10,-0.0147826086956521
2021-07-11,-0.0215652173913043
2021-07-12,-0.0235652173913043
2021-07-13,-0.0395652173913043
2021-07-14,-0.027695652173913
2021-07-15,-0.0162463768115942
2021-07-16,-0.0152028985507246
2021-07-17,-0.0097681159420289
2021-07-18,-0.0042898550724637
2021-07-19,-0.0243043478260869
2021-07-20,-0.0087246376811594
2021-07-21,-0.0008115942028985
2021-07-22,0.0017246376811594
2021-07-23,0.0049420289855072
2021-07-24,-0.0049420289855072
2021-07-25,-0.0211884057971014
2021-07-26,-0.0382898550724637
2021-07-27,-0.0396231884057971
2021-07-28,-0.0367246376811594
2021-07-29,-0.0388985507246376
2021-07-30,-0.0487101449275362
2021-07-31,-0.012463768115942
2021-08-01,-0.0315507246376811
2021-08-02,-0.0579130434782608
2021-08-03,-0.0644782608695652
2021-08-04,-0.0447246376811594
2021-08-05,-0.0367246376811594
2021-08-06,-0.0409130434782608
2021-08-07,-0.0639855072463768
2021-08-08,-0.067159420289855
2021-08-09,-0.0684057971014492
2021-08-10,-0.0828550724637681
2021-08-11,-0.0956521739130434
2021-08-12,-0.0869565217391304
2021-08-13,-0.0823333333333333
2021-08-14,-0.0862898550724637
2021-08-15,-0.0923333333333333
2021-08-16,-0.1242898550724637
2021-08-17,-0.0906086956521739
2021-08-18,-0.0983768115942029
2021-08-19,-0.0924347826086956
2021-08-20,-0.0915362318840579
2021-08-21,-0.1183043478260869
2021-08-22,-0.1109710144927536
2021-08-23,-0.0917971014492753
2021-08-24,-0.1239130434782608
2021-08-25,-0.132159420289855
2021-08-26,-0.1369420289855072
2021-08-27,-0.1321014492753623
2021-08-28,-0.1288985507246376
2021-08-29,-0.1063043478260869
2021-08-30,-0.1103188405797101
2021-08-31,-0.0979855072463768
2021-09-01,-0.0995362318840579
2021-09-02,-0.1026376811594202
2021-09-03,-0.1048840579710144
2021-09-04,-0.1099710144927536
2021-09-05,-0.0987681159420289
2021-09-06,-0.1217101449275362
2021-09-07,-0.117695652173913
2021-09-08,-0.1120434782608695
2021-09-09,-0.1030869565217391
2021-09-10,-0.0996376811594202
2021-09-11,-0.0910144927536231
2021-09-12,-0.0926811594202898
2021-09-13,-0.0839855072463768
2021-09-14,-0.08
2021-09-15,-0.0957536231884057
2021-09-16,-0.089231884057971
2021-09-17,-0.0823623188405797
2021-09-18,-0.0733188405797101
2021-09-19,-0.0739130434782608
2021-09-20,-0.0791884057971014
2021-09-21,-0.0855217391304347
2021-09-22,-0.0680724637681159
2021-09-23,-0.056695652173913
2021-09-24,-0.0551884057971014
2021-09-25,-0.0567536231884057
2021-09-26,-0.0554202898550724
2021-09-27,-0.0502753623188405
2021-09-28,-0.0590144927536231
2021-09-29,-0.0557536231884058
2021-09-30,-0.0901159420289855
2021-10-01,-0.0562190016103059
2021-10-02,-0.0518462157809983
2021-10-03,-0.0510636070853462
2021-10-04,-0.0558442028985507
2021-10-05,-0.0489130434782608
2021-10-06,-0.0497412008281573
2021-10-07,-0.0689440993788819
2021-10-08,-0.0573153899240855
2021-10-09,-0.0587301587301587
2021-10-10,-0.0537353347135955
2021-10-11,-0.0540825569358177
2021-10-12,-0.0642188578329882
2021-10-13,-0.0836356682769726
2021-10-14,-0.0895736714975845
2021-10-15,-0.0942347020933977
2021-10-16,-0.0942347020933977
2021-10-17,-0.0942347020933977
2021-10-18,-0.1346131239935588
2021-10-19,-0.1366131239935588
2021-10-20,-0.1377705314009662
2021-10-21,-0.1389279388083736
2021-10-22,-0.1519279388083736
2021-10-23,-0.137116344605475
2021-10-24,-0.1228417874396135
2021-10-25,-0.1397230273752013
2021-10-26,-0.1527230273752013
2021-10-27,-0.1287069243156199
2021-10-28,-0.1124621212121212
2021-10-29,-0.1124621212121212
2021-10-30,-0.0682830112721417
2021-10-31,-0.1159951690821256
2021-11-01,-0.0945253623188405
2021-11-02,-0.0881570048309178
2021-11-03,-0.0800080515297906
2021-11-04,-0.089475845410628
2021-11-05,-0.0949355877616747
2021-11-06,-0.0955092592592592
2021-11-07,-0.090366344605475
2021-11-08,-0.1417697262479871
2021-11-09,-0.1575507246376812
2021-11-10,-0.1483289049919484
2021-11-11,-0.1368486312399356
2021-11-12,-0.1498486312399356
2021-11-13,-0.1520929951690821
2021-11-14,-0.1370929951690821
2021-11-15,-0.1565837359098228
2021-11-16,-0.1550929951690821
2021-11-17,-0.1547596618357488
2021-11-18,-0.1425688405797101
2021-11-19,-0.1523244766505636
2021-11-20,-0.1355173107890499
2021-11-21,-0.1232685185185185
2021-11-22,-0.1359351851851852
2021-11-23,-0.1359351851851852
2021-11-24,-0.1301421095008051
2021-11-25,-0.1301421095008051
2021-11-26,-0.1579710144927536
2021-11-27,-0.1278977455716586
2021-11-28,-0.1256533816425121
2021-11-29,-0.1166139291465378
2021-11-30,-0.1137673107890499
2021-12-01,-0.1253470209339774
2021-12-02,-0.133976650563607
2021-12-03,-0.1036179549114331
2021-12-04,-0.1423554750402576
2021-12-05,-0.1371421095008051
2021-12-06,-0.151403381642512
2021-12-07,-0.1390140901771336
2021-12-08,-0.1237838164251207
2021-12-09,-0.1367117552334943
2021-12-10,-0.1423329307568438
2021-12-11,-0.1371070853462157
2021-12-12,-0.1258357487922705
2021-12-13,-0.1202085346215781
2021-12-14,-0.1156082930756843
2021-12-15,-0.1151111111111111
2021-12-16,-0.1083369565217391
2021-12-17,-0.1098212560386473
2021-12-18,-0.1123534621578099
2021-12-19,-0.1108337359098228
2021-12-20,-0.1250950080515298
2021-12-21,-0.1146328502415459
2021-12-22,-0.1230201288244766
2021-12-23,-0.1034110305958132
2021-12-24,-0.1235458937198067
2021-12-25,-0.1390390499194847
2021-12-26,-0.1446747181964573
2021-12-27,-0.1977652979066022
2021-12-28,-0.1980986312399355
2021-12-29,-0.2093429951690821
2021-12-30,-0.2063739935587762
2021-12-31,-0.1777878421900161
2022-01-01,-0.1634542443064182
2022-01-02,-0.1812861283643892
2022-01-03,-0.1874020703933747
2022-01-04,-0.1793527950310558
2022-01-05,-0.2053238095238095
2022-01-06,-0.2186571428571428
2022-01-07,-0.2125412008281574
2022-01-08,-0.2010281573498964
2022-01-09,-0.2041904761904762
2022-01-10,-0.216207867494824
2022-01-11,-0.2138455486542443
2022-01-12,-0.2056455486542443
2022-01-13,-0.1696310559006211
2022-01-14,-0.1912724637681159
2022-01-15,-0.1789217391304348
2022-01-16,-0.1779884057971014
2022-01-17,-0.1779594202898551
2022-01-18,-0.1781565217391304
2022-01-19,-0.1875188405797101
2022-01-20,-0.1895188405797101
2022-01-21,-0.2007188405797101
2022-01-22,-0.1887188405797101
2022-01-23,-0.1869681159420289
2022-01-24,-0.1884811594202898
2022-01-25,-0.1878144927536232
2022-01-26,-0.1858434782608695
2022-01-27,-0.1779101449275362
2022-01-28,-0.1742144927536232
2022-01-29,-0.161663768115942
2022-01-30,-0.1632260869565217
2022-01-31,-0.1699101449275362
2022-02-01,-0.1751768115942028
2022-02-02,-0.1718434782608695
2022-02-03,-0.1718550724637681
2022-02-04,-0.1553043478260869
2022-02-05,-0.1678927536231884
2022-02-06,-0.1610260869565217
2022-02-07,-0.166559420289855
2022-02-08,-0.1630927536231884
2022-02-09,-0.1630927536231884
2022-02-10,-0.1644260869565217
2022-02-11,-0.168063768115942
2022-02-12,-0.1404811594202898
2022-02-13,-0.1484
2022-02-14,-0.1643130434782608
2022-02-15,-0.095631884057971
2022-02-16,-0.123663768115942
2022-02-17,-0.1956231884057971
2022-02-18,-0.1969565217391304
2022-02-19,-0.1744811594202898
2022-02-20,-0.118791304347826
2022-02-21,-0.1399101449275362
2022-02-22,-0.1278608695652174
2022-02-23,-0.1353942028985507
2022-02-24,-0.1193942028985507
2022-02-25,-0.1138608695652174
2022-02-26,-0.0981217391304348
2022-02-27,-0.0981217391304348
2022-02-28,-0.1285855072463768
2022-03-01,-0.105031884057971
2022-03-02,-0.094831884057971
2022-03-03,-0.094831884057971
2022-03-04,-0.1003652173913043
2022-03-05,-0.0905681159420289
2022-03-06,-0.0815391304347826
2022-03-07,-0.1309942028985507
2022-03-08,-0.0899449275362319
2022-03-09,-0.0892782608695652
2022-03-10,-0.0904115942028985
2022-03-11,-0.0966115942028985
2022-03-12,-0.0821478260869565
2022-03-13,-0.0774811594202898
2022-03-14,-0.0824115942028985
2022-03-15,-0.0872782608695652
2022-03-16,-0.0831623188405797
2022-03-17,-0.0799333333333333
2022-03-18,-0.0739333333333333
2022-03-19,-0.0601362318840579
2022-03-20,-0.0651507246376811
2022-03-21,-0.0798144927536231
2022-03-22,-0.0809014492753623
2022-03-23,-0.0765536231884057
2022-03-24,-0.0786695652173913
2022-03-25,-0.0786695652173913
2022-03-26,-0.0692202898550724
2022-03-27,-0.0913188405797101
2022-03-28,-0.0967536231884058
2022-03-29,-0.1000869565217391
2022-03-30,-0.0799565217391304
2022-03-31,-0.0779565217391304
2022-04-01,-0.0463589743589743
2022-04-02,-0.0513589743589743
2022-04-03,-0.0516923076923076
2022-04-04,-0.0536923076923076
2022-04-05,-0.0434358974358974
2022-04-06,-0.0414871794871794
2022-04-07,-0.0434358974358974
2022-04-08,-0.0538846153846153
2022-04-09,-0.042551282051282
2022-04-10,-0.0432179487179487
2022-04-11,-0.0477435897435897
2022-04-12,-0.046076923076923
2022-04-13,-0.0303461538461538
2022-04-14,-0.0477435897435897
2022-04-15,-0.0410128205128205
2022-04-16,-0.039076923076923
2022-04-17,-0.0384102564102564
2022-04-18,-0.0270128205128205
2022-04-19,-0.0318205128205128
2022-04-20,-0.0337435897435897
2022-04-21,-0.0376794871794871
2022-04-22,-0.0437435897435897
2022-04-23,-0.041076923076923
2022-04-24,-0.034076923076923
2022-04-25,-0.0314102564102564
2022-04-26,-0.0333461538461538
2022-04-27,-0.0374102564102564
2022-04-28,-0.0223461538461538
2022-04-29,-0.0310128205128205
2022-04-30,-0.0377435897435897
2022-05-01,-0.031076923076923
2022-05-02,-0.0270128205128205
2022-05-03,-0.0220897435897435
2022-05-04,-0.0150897435897435
2022-05-05,-0.0237564102564102
2022-05-06,-0.0137564102564102
2022-05-07,-0.0134230769230769
2022-05-08,-0.0307564102564102
2022-05-09,-0.0300897435897435
2022-05-10,-0.0300897435897435
2022-05-11,-0.0284230769230769
2022-05-12,-0.0374230769230769
2022-05-13,-0.0334230769230769
2022-05-14,-0.0334230769230769
2022-05-15,-0.0324230769230769
2022-05-16,-0.0307564102564102
2022-05-17,-0.0364230769230769
2022-05-18,-0.0264230769230769
2022-05-19,-0.0214230769230769
2022-05-20,-0.0214230769230769
2022-05-21,-0.0171025641025641
2022-05-22,-0.0194358974358974
2022-05-23,-0.0191025641025641
2022-05-24,-0.0191025641025641
2022-05-25,-0.0154487179487179
2022-05-26,-0.0107820512820512
2022-05-27,-0.0183717948717948
2022-05-28,-0.0111282051282051
2022-05-29,-0.0091410256410256
2022-05-30,-0.0024871794871794
2022-05-31,-0.009076923076923
2022-06-01,-0.013076923076923
2022-06-02,-0.0144230769230769
2022-06-03,-0.0160897435897435
2022-06-04,-0.0104230769230769
2022-06-05,-0.0037692307692307
2022-06-06,-0.0064358974358974
2022-06-07,-0.0097692307692307
2022-06-08,-0.0097692307692307
2022-06-09,-0.0054358974358974
2022-06-10,-0.0071025641025641
2022-06-11,-0.0104358974358974
2022-06-12,-0.0071025641025641
2022-06-13,-0.0114358974358974
2022-06-14,-0.0131025641025641
2022-06-15,-0.0131025641025641
2022-06-16,-0.0114358974358974
2022-06-17,-0.0341794871794871
2022-06-18,-0.003525641025641
2022-06-19,-0.0001923076923076
2022-06-20,0.0034743589743589
2022-06-21,-0.0007820512820512
2022-06-22,0.0008846153846153
2022-06-23,0.0012179487179487
2022-06-24,0.0022179487179487
2022-06-25,0.0015128205128205
2022-06-26,0.0001538461538461
2022-06-27,0.0024871794871794
2022-06-28,0.0044871794871794
2022-06-29,0.0054871794871794
2022-06-30,-0.0015641025641025
2022-07-01,-0.0606666666666666
2022-07-02,-0.0304487179487179
2022-07-03,-0.0291282051282051
2022-07-04,-0.0255384615384615
2022-07-05,-0.0496923076923077
2022-07-06,-0.0496923076923077
2022-07-07,-0.0266538461538461
2022-07-08,-0.0322435897435897
2022-07-09,-0.0345641025641025
2022-07-10,-0.0310384615384615
2022-07-11,-0.0441153846153846
2022-07-12,-0.0131538461538461
2022-07-13,-0.0317051282051282
2022-07-14,-0.0285
2022-07-15,-0.0162564102564102
2022-07-16,-0.0199102564102564
2022-07-17,-0.0463589743589743
2022-07-18,-0.0221410256410256
2022-07-19,-0.0263717948717948
2022-07-20,-0.0607051282051282
2022-07-21,-0.0616666666666666
2022-07-22,-0.0539487179487179
2022-07-23,-0.0554898989898989
2022-07-24,-0.0507307692307692
2022-07-25,-0.057510101010101
2022-07-26,-0.0496805555555555
2022-07-27,-0.051576923076923
2022-07-28,-0.0561923076923077
2022-07-29,-0.0539487179487179
2022-07-30,-0.0559871794871794
2022-07-31,-0.0560384615384615
2022-08-01,-0.0557692307692307
2022-08-02,-0.0887553418803418
2022-08-03,-0.0693643162393162
2022-08-04,-0.0700897435897435
2022-08-05,-0.0723717948717948
2022-08-06,-0.078258547008547
2022-08-07,-0.0760149572649572
2022-08-08,-0.0740897435897435
2022-08-09,-0.0824230769230769
2022-08-10,-0.0979358974358974
2022-08-11,-0.1038461538461538
2022-08-12,-0.0546666666666666
2022-08-13,-0.0648717948717948
2022-08-14,-0.0662051282051282
2022-08-15,-0.1032564102564102
2022-08-16,-0.1163076923076922
2022-08-17,-0.1170940170940171
2022-08-18,-0.0917467948717948
2022-08-19,-0.1238782051282051
2022-08-20,-0.0833910256410256
2022-08-21,-0.0980576923076923
2022-08-22,-0.0619358974358974
2022-08-23,-0.038525641025641
2022-08-24,-0.0362051282051282
2022-08-25,-0.0771399572649572
2022-08-26,-0.0583119658119658
2022-08-27,-0.0516153846153846
2022-08-28,-0.023051282051282
2022-08-29,-0.0517435897435897
2022-08-30,-0.0517435897435897
2022-08-31,-0.041551282051282
2022-09-01,-0.0734487179487179
2022-09-02,-0.0712051282051282
2022-09-03,-0.0692051282051282
2022-09-04,-0.0345128205128205
2022-09-05,-0.047
2022-09-06,-0.0622307692307692
2022-09-07,-0.0513974358974358
2022-09-08,-0.0478205128205128
2022-09-09,-0.0478205128205128
2022-09-10,0.0006410256410256
2022-09-11,-0.0177179487179487
2022-09-12,-0.0196581196581196
2022-09-13,-0.0531196581196581
2022-09-14,-0.0557863247863247
2022-09-15,-0.0587863247863247
2022-09-16,-0.0410384615384615
2022-09-17,-0.0046239316239316
2022-09-18,-0.0094572649572649
2022-09-19,-0.0182193732193732
2022-09-20,-0.0120014245014245
2022-09-21,-0.014094017094017
2022-09-22,-0.0017222222222222
2022-09-23,0.02058547008547
2022-09-24,0.0124316239316239
2022-09-25,0.0174380341880341
2022-09-26,0.0135405982905982
2022-09-27,0.0304138176638176
2022-09-28,0.0333703703703703
2022-09-29,0.0082934472934472
2022-09-30,0.0093062678062678
2022-10-01,-0.1052510683760683
2022-10-02,-0.1211837606837606
2022-10-03,-0.1203739316239316
2022-10-04,-0.1293874024526198
2022-10-05,-0.1490299145299145
2022-10-06,-0.2034487179487179
2022-10-07,-0.1789743589743589
2022-10-08,-0.1729743589743589
2022-10-09,-0.1914102564102564
2022-10-10,-0.1776282051282051
2022-10-11,-0.1854871794871795
2022-10-12,-0.1766666666666666
2022-10-13,-0.1805128205128205
2022-10-14,-0.1785897435897435
2022-10-15,-0.1763170163170163
2022-10-16,-0.1734032634032634
2022-10-17,-0.1589743589743589
2022-10-18,-0.1593554778554778
2022-10-19,-0.1621631701631701
2022-10-20,-0.1612307692307692
2022-10-21,-0.1595213675213675
2022-10-22,-0.1519358974358974
2022-10-23,-0.1668974358974359
2022-10-24,-0.1577051282051282
2022-10-25,-0.1645128205128204
2022-10-26,-0.1203739316239316
2022-10-27,-0.1614487179487179
2022-10-28,-0.1142820512820512
2022-10-29,-0.1133824786324786
2022-10-30,-0.1163504273504273
2022-10-31,-0.1313589743589743
2022-11-01,-0.1474615384615384
2022-11-02,-0.1491581196581196
2022-11-03,-0.1317863247863247
2022-11-04,-0.0896659008632692
2022-11-05,-0.0932969549943234
2022-11-06,-0.0802969549943233
2022-11-07,-0.1204024216524216
2022-11-08,-0.1195690883190883
2022-11-09,-0.1186972934472934
2022-11-10,-0.1119366096866096
2022-11-11,-0.1045043752543752
2022-11-12,-0.0995129222629222
2022-11-13,-0.0940998168498168
2022-11-14,-0.2442835244465679
2022-11-15,-0.2564858149097279
2022-11-16,-0.2565822362018015
2022-11-17,-0.2571293742489395
2022-11-18,-0.2630447149468888
2022-11-19,-0.2488026164656599
2022-11-20,-0.2606122038187256
2022-11-21,-0.23216044221479
2022-11-22,-0.1938896011396011
2022-11-23,-0.1619444444444444
2022-11-24,-0.184022792022792
2022-11-25,-0.2110577570577571
2022-11-26,-0.2232529785029785
2022-11-27,-0.2116775446775446
2022-11-28,-0.1771763606763606
2022-11-29,-0.177586247086247
2022-11-30,-0.1977115384615384
2022-12-01,-0.221378205128205
2022-12-02,-0.3136324786324787
2022-12-03,-0.3351239316239316
2022-12-04,-0.3230512820512821
2022-12-05,-0.3275641025641025
2022-12-06,-0.3265769230769231
2022-12-07,-0.3477008547008546
2022-12-08,-0.3402222222222222
2022-12-09,-0.3365897435897436
2022-12-10,-0.3412820512820513
2022-12-11,-0.3412435897435897
2022-12-12,-0.3267264957264957
2022-12-13,-0.3413931623931623
2022-12-14,-0.3528760683760684
2022-12-15,-0.3538247863247863
2022-12-16,-0.3361239316239316
2022-12-17,-0.3336837606837606
2022-12-18,-0.3379017094017094
2022-12-19,-0.3358646723646724
2022-12-20,-0.3173789173789174
2022-12-21,-0.329527972027972
2022-12-22,-0.2946091686091686
2022-12-23,-0.3308855218855218
2022-12-24,-0.3152693602693602
2022-12-25,-0.3013291893291893
2022-12-26,-0.3204751359751359
2022-12-27,-0.3093198653198653
2022-12-28,-0.3049330484330484
2022-12-29,-0.2998888888888888
2022-12-30,-0.2935982905982906
2022-12-31,-0.294482905982906
2023-01-01,-0.2298622981956315
2023-01-02,-0.2082051282051282
2023-01-03,-0.2132182774490467
2023-01-04,-0.2147729194781826
2023-01-05,-0.2082549707602339
2023-01-06,-0.2049857849752586
2023-01-07,-0.2370370670265407
2023-01-08,-0.2473567251461988
2023-01-09,-0.2532691195581547
2023-01-10,-0.2721925763482781
2023-01-11,-0.2210185497575848
2023-01-12,-0.2259329359724096
2023-01-13,-0.304678987354426
2023-01-14,-0.3221937321937322
2023-01-15,-0.3380009496676163
2023-01-16,-0.3088717698805418
2023-01-17,-0.3128318838406558
2023-01-18,-0.3009779077322936
2023-01-19,-0.3146887339431199
2023-01-20,-0.3386459989003849
2023-01-21,-0.3590004748338082
2023-01-22,-0.3590004748338082
2023-01-23,-0.3609620132953466
2023-01-24,-0.3378252611585945
2023-01-25,-0.3342996201329535
2023-01-26,-0.3342996201329535
2023-01-27,-0.3417782526115859
2023-01-28,-0.3566880341880341
2023-01-29,-0.3501709401709401
2023-01-30,-0.3566880341880341
2023-01-31,-0.3500641025641025
2023-02-01,-0.3465384615384615
2023-02-02,-0.3502516619183286
2023-02-03,-0.3535187684310492
2023-02-04,-0.3586469735592543
2023-02-05,-0.3615315889438696
2023-02-06,-0.3509974009096816
2023-02-07,-0.3529964512420653
2023-02-08,-0.3444541910331384
2023-02-09,-0.3443829659619133
2023-02-10,-0.3219280751736892
2023-02-11,-0.3200049982506123
2023-02-12,-0.337775403608737
2023-02-13,-0.3473907882241215
2023-02-14,-0.314893412305693
2023-02-15,-0.3191621682411156
2023-02-16,-0.3191621682411156
2023-02-17,-0.3234644124556405
2023-02-18,-0.3400467336432249
2023-02-19,-0.3438806417753786
2023-02-20,-0.3455338131653921
2023-02-21,-0.3558576998050682
2023-02-22,-0.3478448792922477
2023-02-23,-0.3396587444394461
2023-02-24,-0.3218449792572599
2023-02-25,-0.3247295946418753
2023-02-26,-0.3173363072924476
2023-02-27,-0.3239781076623182
2023-02-28,-0.327019168291098
2023-03-01,-0.3323789173789174
2023-03-02,-0.3171123856650172
2023-03-03,-0.3283440795721498
2023-03-04,-0.3273314339981006
2023-03-05,-0.3263698955365622
2023-03-06,-0.3142747538361574
2023-03-07,-0.3034954016094366
2023-03-08,-0.2988349077822761
2023-03-09,-0.3037630579297246
2023-03-10,-0.3048326835607537
2023-03-11,-0.3290859449192782
2023-03-12,-0.3193993352326685
2023-03-13,-0.3132193732193732
2023-03-14,-0.3164007597340931
2023-03-15,-0.3412179487179487
2023-03-16,-0.3473920377867747
2023-03-17,-0.3505971659919029
2023-03-18,-0.3710121457489879
2023-03-19,-0.3747598340580797
2023-03-20,-0.3755623031938822
2023-03-21,-0.3798548008197131
2023-03-22,-0.3773477033038437
2023-03-23,-0.3766441745389113
2023-03-24,-0.3771380016994052
2023-03-25,-0.3655449342730044
2023-03-26,-0.3691251811865847
2023-03-27,-0.3738545259159294
2023-03-28,-0.3587060778727445
2023-03-29,-0.3399988753936123
2023-03-30,-0.3648195631528965
2023-03-31,-0.3587298195631529
2023-04-01,-0.2882478632478633
2023-04-02,-0.279155420602789
2023-04-03,-0.279155420602789
2023-04-04,-0.286206702654071
2023-04-05,-0.2822537112010796
2023-04-06,-0.1321581196581196
2023-04-07,-0.1310897435897435
2023-04-08,-0.1384615384615384
2023-04-09,-0.122542735042735
2023-04-10,-0.1357564102564102
2023-04-11,-0.1383205128205128
2023-04-12,-0.1419529914529914
2023-04-13,-0.1419529914529914
2023-04-14,-0.1469017094017094
2023-04-15,-0.1466168091168091
2023-04-16,-0.1475783475783475
2023-04-17,-0.1491809116809116
2023-04-18,-0.1377492877492877
2023-04-19,-0.1393518518518518
2023-04-20,-0.1393518518518518
2023-04-21,-0.1281339031339031
2023-04-22,-0.1314458689458689
2023-04-23,-0.1303774928774928
2023-04-24,-0.1273148148148148
2023-04-25,-0.1246082621082621
2023-04-26,-0.1246082621082621
2023-04-27,-0.1255698005698005
2023-04-28,-0.1387108262108262
2023-04-29,-0.1380698005698005
2023-04-30,-0.1287749287749287
2023-05-01,-0.1268518518518518
2023-05-02,-0.1234700854700854
2023-05-03,-0.1207635327635327
2023-05-04,-0.131534188034188
2023-05-05,-0.131534188034188
2023-05-06,-0.1324957264957265
2023-05-07,-0.1324957264957265
2023-05-08,-0.1307150997150997
2023-05-09,-0.131997150997151
2023-05-10,-0.1224715099715099
2023-05-11,-0.1149928774928775
2023-05-12,-0.1060185185185185
2023-05-13,-0.1029914529914529
2023-05-14,-0.1013888888888888
2023-05-15,-0.1080128205128205
2023-05-16,-0.0959401709401709
2023-05-17,-0.0984751359751359
2023-05-18,-0.1076631701631701
2023-05-19,-0.1076631701631701
2023-05-20,-0.1067016317016317
2023-05-21,-0.1054487179487179
2023-05-22,-0.1054487179487179
2023-05-23,-0.103525641025641
2023-05-24,-0.0925213675213675
2023-05-25,-0.0964743589743589
2023-05-26,-0.0982905982905982
2023-05-27,-0.0973290598290598
2023-05-28,-0.0973290598290598
2023-05-29,-0.1076923076923076
2023-05-30,-0.1080128205128205
2023-05-31,-0.1089743589743589
2023-06-01,-0.0944444444444444
2023-06-02,-0.0961538461538461
2023-06-03,-0.0967948717948717
2023-06-04,-0.0971153846153846
2023-06-05,-0.0961538461538461
2023-06-06,-0.09508547008547
2023-06-07,-0.0954059829059829
2023-06-08,-0.2457264957264957
2023-06-09,-0.2466880341880342
2023-06-10,-0.2502136752136752
2023-06-11,-0.2431623931623932
2023-06-12,-0.2420940170940171
2023-06-13,-0.2050213675213675
2023-06-14,-0.2053418803418803
2023-06-15,-0.2098290598290598
2023-06-16,-0.2008547008547008
2023-06-17,-0.1995726495726495
2023-06-18,-0.2034188034188034
2023-06-19,-0.204059829059829
2023-06-20,-0.1959045584045584
2023-06-21,-0.2054131054131054
2023-06-22,-0.211502849002849
2023-06-23,-0.2171296296296296
2023-06-24,-0.2241809116809116
2023-06-25,-0.2313746438746438
2023-06-26,-0.2252849002849003
2023-06-27,-0.2244301994301994
2023-06-28,-0.2258903133903133
2023-06-29,-0.2262108262108262
2023-06-30,-0.2393162393162392
2023-07-01,-0.1619420702754036
2023-07-02,-0.1622625830959164
2023-07-03,-0.1692070275403609
2023-07-04,-0.1704890788224121
2023-07-05,-0.1704890788224121
2023-07-06,-0.170809591642925
2023-07-07,-0.163568376068376
2023-07-08,-0.1616927825261158
2023-07-09,-0.1597697056030389
2023-07-10,-0.1626543209876543
2023-07-11,-0.1645061728395062
2023-07-12,-0.162037037037037
2023-07-13,-0.1702041785375119
2023-07-14,-0.1705840455840456
2023-07-15,-0.1695868945868946
2023-07-16,-0.1658119658119658
2023-07-17,-0.1653964862298196
2023-07-18,-0.1375830959164292
2023-07-19,-0.1338793922127255
2023-07-20,-0.1360280151946818
2023-07-21,-0.1288105413105413
2023-07-22,-0.115562678062678
2023-07-23,-0.115562678062678
2023-07-24,-0.108713200379867
2023-07-25,-0.1111823361823362
2023-07-26,-0.1019586894586894
2023-07-27,-0.0993945868945869
2023-07-28,-0.0969254510921177
2023-07-29,-0.0954415954415954
2023-07-30,-0.0954415954415954
2023-07-31,-0.0969848053181386
2023-08-01,-0.1009615384615384
2023-08-02,-0.0994183285849952
2023-08-03,-0.0994183285849952
2023-08-04,-0.1064696106362773
2023-08-05,-0.1052350427350427
2023-08-06,-0.0915123456790123
2023-08-07,-0.0895892687559354
2023-08-08,-0.1001661918328585
2023-08-09,-0.11170465337132
2023-08-10,-0.0985636277302943
2023-08-11,-0.0988366571699905
2023-08-12,-0.1035849952516619
2023-08-13,-0.1035849952516619
2023-08-14,-0.092687559354226
2023-08-15,-0.1602920227920228
2023-08-16,-0.0659425451092117
2023-08-17,-0.1112891737891738
2023-08-18,-0.1053062678062678
2023-08-19,-0.1053062678062678
2023-08-20,-0.0949311490978157
2023-08-21,-0.0977564102564102
2023-08-22,-0.1078584995251662
2023-08-23,-0.1047008547008547
2023-08-24,-0.1066239316239316
2023-08-25,-0.0962488129154795
2023-08-26,-0.0915004748338081
2023-08-27,-0.0905745489078822
2023-08-28,-0.0905745489078822
2023-08-29,-0.1304487179487179
2023-08-30,-0.1339743589743589
2023-08-31,-0.1520417853751187
2023-09-01,-0.1514363722697056
2023-09-02,-0.1476614434947768
2023-09-03,-0.1410018993352327
2023-09-04,-0.1616809116809116
2023-09-05,-0.162571225071225
2023-09-06,-0.157253086419753
2023-09-07,-0.1464981006647673
2023-09-08,-0.1525047483380816
2023-09-09,-0.1722578347578347
2023-09-10,-0.1869301994301994
2023-09-11,-0.178727445394112
2023-09-12,-0.164161918328585
2023-09-13,-0.1615978157644824
2023-09-14,-0.1688509021842355
2023-09-15,-0.1574192782526116
2023-09-16,-0.2180792972459639
2023-09-17,-0.2240384615384615
2023-09-18,-0.2241096866096866
2023-09-19,-0.2266263057929724
2023-09-20,-0.1744064577397911
2023-09-21,-0.1765432098765432
2023-09-22,-0.1697530864197531
2023-09-23,-0.1697530864197531
2023-09-24,-0.1671889838556505
2023-09-25,-0.1790598290598291
2023-09-26,-0.1567426400759734
2023-09-27,-0.1491215574548907
2023-09-28,-0.1583333333333333
2023-09-29,-0.155318138651472
2023-09-30,-0.0876424501424501
2023-10-01,-0.1562678062678062
2023-10-02,-0.220417853751187
2023-10-03,-0.2575617283950617
2023-10-04,-0.2222934472934472
2023-10-05,-0.2219729344729344
2023-10-06,-0.2222934472934472
2023-10-07,-0.1601020892687559
2023-10-08,-0.1632478632478632
2023-10-09,-0.1668328584995251
2023-10-10,-0.1680555555555555
2023-10-11,-0.1752374169040835
2023-10-12,-0.1872981956315289
2023-10-13,-0.1769112060778727
2023-10-14,-0.2421177587844255
2023-10-15,-0.2125118708452041
2023-10-16,-0.212903608736942
2023-10-17,-0.2122625830959164
2023-10-18,-0.2084164292497625
2023-10-19,-0.2279568257829127
2023-10-20,-0.201465744400527
2023-10-21,-0.2041172595520421
2023-10-22,-0.2007081686429512
2023-10-23,-0.2086855173811695
2023-10-24,-0.2714524605828953
2023-10-25,-0.2114933375802941
2023-10-26,-0.212809895418591
2023-10-27,-0.2651035963499731
2023-10-28,-0.290694289607333
2023-10-29,-0.304437321937322
2023-10-30,-0.2987210454601758
2023-10-31,-0.330982905982906
2023-11-01,-0.2923278079944746
2023-11-02,-0.2961576448243115
2023-11-03,-0.3167195458862126
2023-11-04,-0.3087941379608046
2023-11-05,-0.3152033152033152
2023-11-06,-0.3096218596218596
2023-11-07,-0.3231351981351982
2023-11-08,-0.3234265734265734
2023-11-09,-0.3244463869463869
2023-11-10,-0.3286130536130536
2023-11-11,-0.3304886471553138
2023-11-12,-0.3358790900457567
2023-11-13,-0.3333149874816541
2023-11-14,-0.3770641025641026
2023-11-15,-0.3393399810066477
2023-11-16,-0.3360754985754985
2023-11-17,-0.3367758784425451
2023-11-18,-0.3437321937321937
2023-11-19,-0.3437321937321937
2023-11-20,-0.3446937321937322
2023-11-21,-0.337298195631529
2023-11-22,-0.3152659069325736
2023-11-23,-0.3119381133270022
2023-11-24,-0.3194167458056346
2023-11-25,-0.3194167458056346
2023-11-26,-0.317113801836024
2023-11-27,-0.3468621399176954
2023-11-28,-0.3964102564102563
2023-11-29,-0.3499604305159861
2023-11-30,-0.3258863564419119
2023-12-01,-0.3291983222538778
2023-12-02,-0.334860715416271
2023-12-03,-0.3361071541627097
2023-12-04,-0.3380302310857866
2023-12-05,-0.3518034188034189
2023-12-06,-0.3111071541627097
2023-12-07,-0.3129946185501741
2023-12-08,-0.3177666983222538
2023-12-09,-0.3158436213991769
2023-12-10,-0.3443099081987971
2023-12-11,-0.311997467553023
2023-12-12,-0.3145615701171256
2023-12-13,-0.3177192149414372
2023-12-14,-0.3157961380183602
2023-12-15,-0.3141935739157961
2023-12-16,-0.3145734409623298
2023-12-17,-0.3094096232985121
2023-12-18,-0.3053854067742956
2023-12-19,-0.3553515928515929
2023-12-20,-0.3647317188983856
2023-12-21,-0.3647317188983856
2023-12-22,-0.3666547958214625
2023-12-23,-0.3723290598290598
2023-12-24,-0.3716880341880342
2023-12-25,-0.3647079772079772
2023-12-26,-0.3634615384615385
2023-12-27,-0.3605136119025008
2023-12-28,-0.3605492244381134
2023-12-29,-0.3521802785691674
2023-12-30,-0.3462052864830642
2023-12-31,-0.331627888572333
2024-01-01,-0.3892318244170096
2024-01-02,-0.3958847736625515
2024-01-03,-0.3969135802469136
2024-01-04,-0.4036351165980796
2024-01-05,-0.4063786008230453
2024-01-06,-0.4043895747599451
2024-01-07,-0.4122770919067215
2024-01-08,-0.4030178326474622
2024-01-09,-0.4153635116598079
2024-01-10,-0.4185528120713306
2024-01-11,-0.4200960219478738
2024-01-12,-0.4319272976680384
2024-01-13,-0.4278120713305899
2024-01-14,-0.4204046639231825
2024-01-15,-0.4123113854595336
2024-01-16,-0.4093621399176955
2024-01-17,-0.4067558299039781
2024-01-18,-0.3736599134747282
2024-01-19,-0.3699562097710245
2024-01-20,-0.365840983433576
2024-01-21,-0.3599767859027118
2024-01-22,-0.3635387336654394
2024-01-23,-0.3506443578081005
2024-01-24,-0.3386073207710635
2024-01-25,-0.3357266623348495
2024-01-26,-0.3432369504006931
2024-01-27,-0.3426196664500758
2024-01-28,-0.3376164175871778
2024-01-29,-0.3522904483430799
2024-01-30,-0.3495126705653021
2024-01-31,-0.3392625081221572
2024-02-01,-0.3494476933073424
2024-02-02,-0.3494476933073424
2024-02-03,-0.350682261208577
2024-02-04,-0.3360732077106346
2024-02-05,-0.3360732077106346
2024-02-06,-0.3482781026640676
2024-02-07,-0.3547108512020793
2024-02-08,-0.3558425384448776
2024-02-09,-0.3630441845354126
2024-02-10,-0.3658219623131904
2024-02-11,-0.3671937044256733
2024-02-12,-0.3671937044256733
2024-02-13,-0.3233551590276737
2024-02-14,-0.2759390463337832
2024-02-15,-0.2782024208193799
2024-02-16,-0.2802600339881042
2024-02-17,-0.2812888405724663
2024-02-18,-0.2835157694806817
2024-02-19,-0.2828984855300644
2024-02-20,-0.2835157694806817
2024-02-21,-0.3843892137751787
2024-02-22,-0.3974550573965779
2024-02-23,-0.3963233701537795
2024-02-24,-0.3987925059562487
2024-02-25,-0.395088802252545
2024-02-26,-0.3373727528698289
2024-02-27,-0.3367554689192116
2024-02-28,-0.3968377734459606
2024-02-29,-0.3978665800303227
2024-03-01,-0.4007472384665367
2024-03-02,-0.4007472384665367
2024-03-03,-0.4074344812648907
2024-03-04,-0.3586690491661252
2024-03-05,-0.3004119391546292
2024-03-06,-0.4247346761966645
2024-03-07,-0.4286441412172406
2024-03-08,-0.4327593675546892
2024-03-09,-0.4294671864847304
2024-03-10,-0.4366688325752654
2024-03-11,-0.3706194498592159
2024-03-12,-0.3786441412172407
2024-03-13,-0.3786441412172407
2024-03-14,-0.3834795321637427
2024-03-15,-0.3796729478016028
2024-03-16,-0.380701754385965
2024-03-17,-0.3814868962529781
2024-03-18,-0.3786062378167641
2024-03-19,-0.3172447976541544
2024-03-20,-0.3765865280485164
2024-03-21,-0.3755577214641541
2024-03-22,-0.3748375568551007
2024-03-23,-0.3722655403941954
2024-03-24,-0.3685618366904917
2024-03-25,-0.3635206844271172
2024-03-26,-0.3678416720814382
2024-03-27,-0.3650638943036604
2024-03-28,-0.3689733593242366
2024-03-29,-0.3700021659085986
2024-03-30,-0.3723684210526316
2024-03-31,-0.3745289148797921
2024-04-01,-0.3058010946168841
2024-04-02,-0.3117127755285649
2024-04-03,-0.3085670015494576
2024-04-04,-0.2974521417503874
2024-04-05,-0.2920090468336082
2024-04-06,-0.2896348777927726
2024-04-07,-0.2905726745639026
2024-04-08,-0.2908756935072725
2024-04-09,-0.2922252211725896
2024-04-10,-0.2914811066126856
2024-04-11,-0.2918016194331984
2024-04-12,-0.2927337931723896
2024-04-13,-0.2789698605488079
2024-04-14,-0.2815483330834208
2024-04-15,-0.268597240965662
2024-04-16,-0.2703841155595541
2024-04-17,-0.239592392662568
2024-04-18,-0.2501427972431871
2024-04-19,-0.2531570200429849
2024-04-20,-0.2528627480381866
2024-04-21,-0.2512545609036837
2024-04-22,-0.2505660518818414
2024-04-23,-0.2496519968011196
2024-04-24,-0.2314664867296446
2024-04-25,-0.2333133403308841
2024-04-26,-0.2320462838006697
2024-04-27,-0.2189621132603589
2024-04-28,-0.2192057779777078
2024-04-29,-0.2188971360023991
2024-04-30,-0.2151934322986954
2024-05-01,-0.1906743509336949
2024-05-02,-0.1613441545459089
2024-05-03,-0.2069575648523017
2024-05-04,-0.2050344879292247
2024-05-05,-0.1956190333383316
2024-05-06,-0.2110080221922327
2024-05-07,-0.2196974808816914
2024-05-08,-0.1691676663167891
2024-05-09,-0.1987260708751936
2024-05-10,-0.1848196881091618
2024-05-11,-0.1820181686409756
2024-05-12,-0.1640575798470535
2024-05-13,-0.2000024991253061
2024-05-14,-0.1609711600939671
2024-05-15,-0.1611729644624381
2024-05-16,-0.1611729644624381
2024-05-17,-0.1627161743389813
2024-05-18,-0.1416216824111561
2024-05-19,-0.1473196881091617
2024-05-20,-0.1562171989803568
2024-05-21,-0.2180699255260658
2024-05-22,-0.2403989853551257
2024-05-23,-0.2175413605238166
2024-05-24,-0.2325323636727145
2024-05-25,-0.2316657919728095
2024-05-26,-0.2264070075473584
2024-05-27,-0.2106081621432498
2024-05-28,-0.1945587794272004
2024-05-29,-0.2049457689808567
2024-05-30,-0.2012201979307242
2024-05-31,-0.209929649622632
2024-06-01,-0.2032701054630879
2024-06-02,-0.2044215774478932
2024-06-03,-0.1987235717498875
2024-06-04,-0.2012758034687859
2024-06-05,-0.208600114959764
2024-06-06,-0.2068907132503623
2024-06-07,-0.2090512070775228
2024-06-08,-0.207199355225671
2024-06-09,-0.2052762783025941
2024-06-10,-0.2015013495276653
2024-06-11,-0.1630015432098765
2024-06-12,-0.1585051481981306
2024-06-13,-0.170679012345679
2024-06-14,-0.1749614197530864
2024-06-15,-0.1737268518518518
2024-06-16,-0.165162037037037
2024-06-17,-0.1731867283950617
2024-06-18,-0.165162037037037
2024-06-19,-0.1454772079772079
2024-06-20,-0.1467711301044634
2024-06-21,-0.148207502374169
2024-06-22,-0.148207502374169
2024-06-23,-0.1358391608391608
2024-06-24,-0.1494366744366744
2024-06-25,-0.2150705775705775
2024-06-26,-0.149875895709229
2024-06-27,-0.1466707675041008
2024-06-28,-0.1529029612362945
2024-06-29,-0.1513597513597513
2024-06-30,-0.1600664767331434
2024-07-01,-0.1957834757834758
2024-07-02,-0.2540598290598291
2024-07-03,-0.2731623931623931
2024-07-04,-0.3179131054131054
2024-07-05,-0.3179131054131054
2024-07-06,-0.2997797720797721
2024-07-07,-0.2969112060778727
2024-07-08,-0.3138342830009497
2024-07-09,-0.3138342830009497
2024-07-10,-0.3081362773029439
2024-07-11,-0.2653371320037987
2024-07-12,-0.2693447293447293
2024-07-13,-0.2496692307692307
2024-07-14,-0.2487358974358974
2024-07-15,-0.2824051282051282
2024-07-16,-0.2824051282051282
2024-07-17,-0.3012543209876543
2024-07-18,-0.2821876543209876
2024-07-19,-0.240614245014245
2024-07-20,-0.2442732193732194
2024-07-21,-0.2504558404558405
2024-07-22,-0.2505840455840456
2024-07-23,-0.276429249762583
2024-07-24,-0.3364102564102564
2024-07-25,-0.2691666666666666
2024-07-26,-0.2075641025641025
2024-07-27,-0.208076923076923
2024-07-28,-0.2083641975308642
2024-07-29,-0.2597103513770181
2024-07-30,-0.3216405508072175
2024-07-31,-0.3411775878442545
2024-08-01,-0.2877061210394544
2024-08-02,-0.287991452991453
2024-08-03,-0.2684456790123457
2024-08-04,-0.2618214193214194
2024-08-05,-0.2885213243546576
2024-08-06,-0.2543803418803419
2024-08-07,-0.2335612535612536
2024-08-08,-0.2450538144982589
2024-08-09,-0.2827936055713833
2024-08-10,-0.2470006331117442
2024-08-11,-0.2745773979107312
2024-08-12,-0.2838793922127255
2024-08-13,-0.2778276353276354
2024-08-14,-0.2773686293130737
2024-08-15,-0.2791967394745172
2024-08-16,-0.2754020259575815
2024-08-17,-0.2533444127888573
2024-08-18,-0.2509275087052865
2024-08-19,-0.301934947768281
2024-08-20,-0.3046652421652422
2024-08-21,-0.3686324786324786
2024-08-22,-0.3701756885090219
2024-08-23,-0.3510082304526749
2024-08-24,-0.3382286060989765
2024-08-25,-0.33889205444761
2024-08-26,-0.3755698005698006
2024-08-27,-0.3758689458689459
2024-08-28,-0.383062678062678
2024-08-29,-0.3825498575498575
2024-08-30,-0.3810082304526749
2024-08-31,-0.3326756885090218
2024-09-01,-0.3482882241215574
2024-09-02,-0.3494515669515669
2024-09-03,-0.3384069325735992
2024-09-04,-0.3355864197530864
2024-09-05,-0.2791714150047483
2024-09-06,-0.2722150997150998
2024-09-07,-0.249417800991875
2024-09-08,-0.2471742112482853
2024-09-09,-0.3128698427772502
2024-09-10,-0.3087672786746861
2024-09-11,-0.3193376068376068
2024-09-12,-0.282224596391263
2024-09-13,-0.2794895536562203
2024-09-14,-0.2805721747388414
2024-09-15,-0.2715068059512504
2024-09-16,-0.2367679645457423
2024-09-17,-0.276570908515353
2024-09-18,-0.276570908515353
2024-09-19,-0.2723884140550807
2024-09-20,-0.2738596074707185
2024-09-21,-0.2591405508072175
2024-09-22,-0.2600902184235518
2024-09-23,-0.2758594491927825
2024-09-24,-0.2546130104463438
2024-09-25,-0.2756386514719848
2024-09-26,-0.2551258309591643
2024-09-27,-0.2556386514719848
2024-09-28,-0.2573243114909782
2024-09-29,-0.2804819563152896
2024-09-30,-0.3010588793922127
2024-10-01,-0.2634567901234568
2024-10-02,-0.2638271604938271
2024-10-03,-0.2617283950617284
2024-10-04,-0.2806172839506173
2024-10-05,-0.284320987654321
2024-10-06,-0.2836882716049383
2024-10-07,-0.2836882716049383
2024-10-08,-0.2834722222222223
2024-10-09,-0.2815432098765432
2024-10-10,-0.2883333333333334
2024-10-11,-0.276358024691358
2024-10-12,-0.2883950617283951
2024-10-13,-0.292962962962963
2024-10-14,-0.3024155295646524
2024-10-15,-0.2874309616634178
2024-10-16,-0.2911809616634178
2024-10-17,-0.2911809616634178
2024-10-18,-0.2911809616634178
2024-10-19,-0.2976624431448993
2024-10-20,-0.2990562053281351
2024-10-21,-0.3117105263157895
2024-10-22,-0.3235818713450292
2024-10-23,-0.3033308966861598
2024-10-24,-0.3218071799870046
2024-10-25,-0.3218071799870046
2024-10-26,-0.3218071799870046
2024-10-27,-0.3236590318388564
2024-10-28,-0.3716796621182586
2024-10-29,-0.3615594541910331
2024-10-30,-0.2243843404808317
2024-10-31,-0.2491065627030539
2024-11-01,-0.2735161171850722
2024-11-02,-0.2716642653332203
2024-11-03,-0.2784543887900105
2024-11-04,-0.2766025369381586
2024-11-05,-0.2730263157894737
2024-11-06,-0.2702485380116959
2024-11-07,-0.3419152046783626
2024-11-08,-0.3419152046783626
2024-11-09,-0.3521003898635478
2024-11-10,-0.3254109811565952
2024-11-11,-0.2959511046133853
2024-11-12,-0.2959511046133853
2024-11-13,-0.2777095516569201
2024-11-14,-0.2807659194282001
2024-11-15,-0.303404808317089
2024-11-16,-0.37059497925726
2024-11-17,-0.37059497925726
2024-11-18,-0.303404808317089
2024-11-19,-0.3480246913580247
2024-11-20,-0.2667746913580247
2024-11-21,-0.2694907407407407
2024-11-22,-0.2784413580246913
2024-11-23,-0.279675925925926
2024-11-24,-0.2802314814814814
2024-11-25,-0.2318039311241065
2024-11-26,-0.3040261533463288
2024-11-27,-0.2662191358024692
2024-11-28,-0.2662191358024692
2024-11-29,-0.2662191358024692
2024-11-30,-0.2689351851851851
2024-12-01,-0.2433024691358024
2024-12-02,-0.2814368096166342
2024-12-03,-0.2035201429499674
2024-12-04,-0.2813425925925926
2024-12-05,-0.3659892787524366
2024-12-06,-0.3809104938271606
2024-12-07,-0.3809104938271606
2024-12-08,-0.3846141975308643
2024-12-09,-0.3673213125406107
2024-12-10,-0.3012410656270305
2024-12-11,-0.3350617283950618
2024-12-12,-0.3406172839506173
2024-12-13,-0.3807716049382715
2024-12-14,-0.3421604938271605
2024-12-15,-0.3847222222222222
2024-12-16,-0.391141975308642
2024-12-17,-0.3954012345679012
2024-12-18,-0.3783024691358025
2024-12-19,-0.3673148148148148
2024-12-20,-0.3594598765432099
2024-12-21,-0.3489351851851852
2024-12-22,-0.3464660493827161
2024-12-23,-0.33875
2024-12-24,-0.352229938271605
2024-12-25,-0.3559953703703704
2024-12-26,-0.3407793209876544
2024-12-27,-0.2682253086419753
2024-12-28,-0.3352160493827161
2024-12-29,-0.3334876543209876
2024-12-30,-0.3316358024691357
2024-12-31,-0.3778395061728394
2025-01-01,-0.4498148148148148
2025-01-02,-0.439320987654321
2025-01-03,-0.4511728395061729
2025-01-04,-0.4511728395061729
2025-01-05,-0.4559876543209877
2025-01-06,-0.3283333333333333
2025-01-07,-0.3256172839506173
2025-01-08,-0.3246913580246913
2025-01-09,-0.3303086419753087
2025-01-10,-0.3198765432098766
2025-01-11,-0.3291358024691358
2025-01-12,-0.3314197530864197
2025-01-13,-0.3340740740740741
2025-01-14,-0.3298765432098765
2025-01-15,-0.3994444444444444
2025-01-16,-0.374320987654321
2025-01-17,-0.3873907004830919
2025-01-18,-0.4087037037037037
2025-01-19,-0.4048765432098766
2025-01-20,-0.4030246913580247
2025-01-21,-0.4065432098765432
2025-01-22,-0.4076543209876543
2025-01-23,-0.3883176328502415
2025-01-24,-0.3883176328502415
2025-01-25,-0.4110493827160494
2025-01-26,-0.4076543209876543
2025-01-27,-0.4035802469135803
2025-01-28,-0.4008024691358025
2025-01-29,-0.4076851851851852
2025-01-30,-0.3810006038647343
2025-01-31,-0.4051234567901234
2025-02-01,-0.428594806763285
2025-02-02,-0.4200617283950618
2025-02-03,-0.3611728395061728
2025-02-04,-0.3493827160493827
2025-02-05,-0.240576923076923
2025-02-06,-0.2337087912087912
2025-02-07,-0.2228113553113553
2025-02-08,-0.235952380952381
2025-02-09,-0.2307563115896449
2025-02-10,-0.2279880304880304
2025-02-11,-0.2467689594356261
2025-02-12,-0.2467689594356261
2025-02-13,-0.3331393298059965
2025-02-14,-0.2566032424365758
2025-02-15,-0.2759103242436576
2025-02-16,-0.2487023470356803
2025-02-17,-0.3577645502645503
2025-02-18,-0.3375176366843033
2025-02-19,-0.3480731922398589
2025-02-20,-0.2065722857389524
2025-02-21,-0.302579365079365
2025-02-22,-0.3180731922398589
2025-02-23,-0.3181966490299824
2025-02-24,-0.3059082892416225
2025-02-25,-0.3514638447971781
2025-02-26,-0.3694885361552029
2025-02-27,-0.3384567901234567
2025-02-28,-0.3396296296296296
2025-03-01,-0.396358024691358
2025-03-02,-0.5061111111111112
2025-03-03,-0.4419091710758378
2025-03-04,-0.4166666666666667
2025-03-05,-0.4006172839506173
2025-03-06,-0.4058641975308641
2025-03-07,-0.415925925925926
2025-03-08,-0.3930864197530864
2025-03-09,-0.4095061728395062
2025-03-10,-0.4219753086419753
2025-03-11,-0.4207407407407408
2025-03-12,-0.4191975308641975
2025-03-13,-0.41679012345679
2025-03-14,-0.4152469135802468
2025-03-15,-0.4152469135802468
2025-03-16,-0.4194444444444443
2025-03-17,-0.4430291005291005
2025-03-18,-0.4200617283950617
2025-03-19,-0.5585185185185185
2025-03-20,-0.4191358024691357
2025-03-21,-0.5593209876543209
2025-03-22,-0.4250617283950617
2025-03-23,-0.4158024691358025
2025-03-24,-0.4179629629629629
2025-03-25,-0.3223716049382716
2025-03-26,-0.330420987654321
2025-03-27,-0.4607246913580248
2025-03-28,-0.4692333333333334
2025-03-29,-0.560432098765432
2025-03-30,-0.5623456790123457
2025-03-31,-0.5596913580246914
2025-04-01,-0.5912962962962963
2025-04-02,-0.4767175688509022
2025-04-03,-0.5878395061728394
2025-04-04,-0.4412962962962963
2025-04-05,-0.4380246913580247
2025-04-06,-0.437037037037037
2025-04-07,-0.4346296296296296
2025-04-08,-0.4424691358024691
2025-04-09,-0.4325308641975309
2025-04-10,-0.4617283950617284
2025-04-11,-0.4606172839506173
2025-04-12,-0.4572222222222222
2025-04-13,-0.4497530864197531
2025-04-14,-0.4438888888888888
2025-04-15,-0.4467283950617284
2025-04-16,-0.4456172839506173
2025-04-17,-0.4386419753086419
2025-04-18,-0.4394444444444444
2025-04-19,-0.4388271604938272
2025-04-20,-0.4369753086419753
2025-04-21,-0.4390740740740741
2025-04-22,-0.5114814814814815
2025-04-23,-0.5133333333333334
2025-04-24,-0.4426543209876544
2025-04-25,-0.2774691358024692
2025-04-26,-0.4041975308641976
2025-04-27,-0.4054320987654321
2025-04-28,-0.5162345679012347
2025-04-29,-0.5162345679012347
2025-04-30,-0.5375925925925927
2025-05-01,-0.4205645043465556
2025-05-02,-0.4356927094747608
2025-05-03,-0.4351173517840185
2025-05-04,-0.4351173517840185
2025-05-05,-0.3993386243386244
2025-05-06,-0.398968253968254
2025-05-07,-0.4135361552028219
2025-05-08,-0.423589065255732
2025-05-09,-0.4363756613756614
2025-05-10,-0.459268077601411
2025-05-11,-0.4613668430335098
2025-05-12,-0.3719437661104328
2025-05-13,-0.4627248677248678
2025-05-14,-0.4774691358024692
2025-05-15,-0.4779629629629631
2025-05-16,-0.4891452991452992
2025-05-17,-0.5014730023063357
2025-05-18,-0.502334825668159
2025-05-19,-0.513996743996744
2025-05-20,-0.5153856328856329
2025-05-21,-0.5068386243386244
2025-05-22,-0.5116622574955909
2025-05-23,-0.5168382851716186
2025-05-24,-0.5168382851716186
2025-05-25,-0.5183814950481618
2025-05-26,-0.5233859042192376
2025-05-27,-0.5269661511328178
2025-05-28,-0.5277377560710894
2025-05-29,-0.5283550400217066
2025-05-30,-0.530083435083435
2025-05-31,-0.5301736535069869
2025-06-01,-0.4447578347578347
2025-06-02,-0.4441904083570751
2025-06-03,-0.4465788224121558
2025-06-04,-0.4383926875593542
2025-06-05,-0.4360968660968661
2025-06-06,-0.4400854700854701
2025-06-07,-0.4413200379867046
2025-06-08,-0.4413200379867046
2025-06-09,-0.4310185185185185
2025-06-10,-0.428425925925926
2025-06-11,-0.4297222222222221
2025-06-12,-0.4375925925925926
2025-06-13,-0.4490740740740741
2025-06-14,-0.4496296296296296
2025-06-15,-0.4472530864197531
2025-06-16,-0.4377160493827161
2025-06-17,-0.4360802469135802
2025-06-18,-0.4314197530864197
2025-06-19,-0.4241666666666666
2025-06-20,-0.4278703703703703
2025-06-21,-0.4308024691358025
2025-06-22,-0.4221604938271605
2025-06-23,-0.4095987654320988
2025-06-24,-0.4163888888888889
2025-06-25,-0.4185493827160494
2025-06-26,-0.436141975308642
2025-06-27,-0.4370370370370371
2025-06-28,-0.4427469135802469
2025-06-29,-0.325525878442545
2025-06-30,-0.4437345679012346
2025-07-01,-0.3474811762311762
2025-07-02,-0.3380557251390585
2025-07-03,-0.3380557251390585
2025-07-04,-0.3567285646452313
2025-07-05,-0.3714697802197801
2025-07-06,-0.3771796567629901
2025-07-07,-0.3950808913308912
2025-07-08,-0.3950808913308912
2025-07-09,-0.3965564373897707
2025-07-10,-0.3792724867724867
2025-07-11,-0.3792724867724867
2025-07-12,-0.3990343915343915
2025-07-13,-0.3853306878306878
2025-07-14,-0.3906878306878307
2025-07-15,-0.3974779541446208
2025-07-16,-0.3977248677248677
2025-07-17,-0.403963844797178
2025-07-18,-0.3994885361552028
2025-07-19,-0.4188095238095238
2025-07-20,-0.4095027811694478
2025-07-21,-0.4087003120336454
2025-07-22,-0.4068484601817935
2025-07-23,-0.4290089540089539
2025-07-24,-0.414687966354633
2025-07-25,-0.4317867317867318
2025-07-26,-0.4095027811694478
2025-07-27,-0.4156756206756206
2025-07-28,-0.4387311762311762
2025-07-29,-0.4197330755664089
2025-07-30,-0.4315231990231989
2025-07-31,-0.4143019943019942
2025-08-01,-0.2999643874643874
2025-08-02,-0.4143196309862976
2025-08-03,-0.4336738570071903
2025-08-04,-0.4152479310812644
2025-08-05,-0.4263447971781304
2025-08-06,-0.4081966490299824
2025-08-07,-0.4078880070546737
2025-08-08,-0.4076719576719577
2025-08-09,-0.4063139329805996
2025-08-10,-0.4078571428571428
2025-08-11,-0.4164197530864197
2025-08-12,-0.4207407407407408
2025-08-13,-0.4170370370370371
2025-08-14,-0.3183333333333333
2025-08-15,-0.3158641975308642
2025-08-16,-0.3368518518518519
2025-08-17,-0.3177160493827161
2025-08-18,-0.3103086419753086
2025-08-19,-0.2874691358024692
2025-08-20,-0.316111111111111
2025-08-21,-0.2990123456790123
2025-08-22,-0.3274691358024691
2025-08-23,-0.3246296296296296
2025-08-24,-0.3058641975308642
2025-08-25,-0.2488888888888888
2025-08-26,-0.2514814814814815
2025-08-27,-0.250679012345679
2025-08-28,-0.2708024691358024
2025-08-29,-0.2461728395061728
2025-08-30,-0.2784567901234567
2025-08-31,-0.2926543209876542
2025-09-01,-0.273641975308642
2025-09-02,-0.2592592592592592
2025-09-03,-0.2492592592592592
2025-09-04,-0.2448148148148148
2025-09-05,-0.2437037037037036
2025-09-06,-0.2491358024691357
2025-09-07,-0.2441975308641975
2025-09-08,-0.2429629629629629
2025-09-09,-0.2476543209876542
2025-09-10,-0.2545061728395061
2025-09-11,-0.2564197530864198
2025-09-12,-0.2576543209876543
2025-09-13,-0.283395061728395
2025-09-14,-0.2809259259259259
2025-09-15,-0.2991358024691358
2025-09-16,-0.2855555555555555
2025-09-17,-0.2840740740740741
2025-09-18,-0.2866666666666666
2025-09-19,-0.2874691358024691
2025-09-20,-0.2849382716049382
2025-09-21,-0.2849382716049382
2025-09-22,-0.2752469135802469
2025-09-23,-0.2800617283950617
2025-09-24,-0.3289506172839506
2025-09-25,-0.3192592592592592
2025-09-26,-0.3134567901234568
2025-09-27,-0.3122222222222222
2025-09-28,-0.3302469135802469
2025-09-29,-0.3304938271604938
2025-09-30,-0.3335802469135802
2025-10-01,-0.2631773323781121
2025-10-02,-0.2764489373163837
2025-10-03,-0.2798392507066972
2025-10-04,-0.2818952810960608
2025-10-05,-0.2864204472878937
2025-10-06,-0.2882722991397455
2025-10-07,-0.2903283295291092
2025-10-08,-0.2903208876893087
2025-10-09,-0.2933788174139051
2025-10-10,-0.2801801869345728
2025-10-11,-0.2762328185135203
2025-10-12,-0.2835198236172895
2025-10-13,-0.2664018149203334
2025-10-14,-0.2650403608736942
2025-10-15,-0.2545477832758535
2025-10-16,-0.2735550057479882
2025-10-17,-0.295747738291598
2025-10-18,-0.2951304543409807
2025-10-19,-0.2955165692007798
2025-10-20,-0.2829997001049633
2025-10-21,-0.2825322387164492
2025-10-22,-0.267679437196981
2025-10-23,-0.2814165042235217
2025-10-24,-0.2814165042235217
2025-10-25,-0.2881828859899035
2025-10-26,-0.2862265707002549
2025-10-27,-0.2856092867496376
2025-10-28,-0.2852356675163692
2025-10-29,-0.2895566551706902
2025-10-30,-0.2579685178369389
2025-10-31,-0.3230329384715349
2025-11-01,-0.3173355575548557
2025-11-02,-0.3104555905433098
2025-11-03,-0.2577282117925393
2025-11-04,-0.3050854700854701
2025-11-05,-0.3349762583095916
2025-11-06,-0.3007644824311491
2025-11-07,-0.3291120607787275
2025-11-08,-0.3163010446343779
2025-11-09,-0.3132431149097816
2025-11-10,-0.2919468186134853
2025-11-11,-0.2637941038818231
2025-11-12,-0.2185804286681479
2025-11-13,-0.2910493827160494
2025-11-14,-0.2845536562203228
2025-11-15,-0.3189648622981956
2025-11-16,-0.3159069325735992
2025-11-17,-0.3338081671415004
2025-11-18,-0.3313152896486229
2025-11-19,-0.3294634377967711
2025-11-20,-0.3132573599240266
2025-11-21,-0.3095963912630579
2025-11-22,-0.3055840455840456
2025-11-23,-0.3040408357075024
2025-11-24,-0.3012630579297246
2025-11-25,-0.2989981006647673
2025-11-26,-0.2966381766381766
2025-11-27,-0.2954036087369421
2025-11-28,-0.3104890788224121
2025-11-29,-0.2984520417853751
2025-11-30,-0.2990693257359924
2025-12-01,-0.3083570750237417
2025-12-02,-0.3083570750237417
2025-12-03,-0.2987654320987654
2025-12-04,-0.3012583095916429
2025-12-05,-0.2101318982800464
2025-12-06,-0.2061195526010341
2025-12-07,-0.2032468080616229
2025-12-08,-0.2026295241110056
2025-12-09,-0.2060245858394006
2025-12-10,-0.2047425345573494
2025-12-11,-0.206823889416482
2025-12-12,-0.2182436425029018
2025-12-13,-0.2851139601139602
2025-12-14,-0.2838793922127255
2025-12-15,-0.2974596391263058
2025-12-16,-0.291286799620133
2025-12-17,-0.2956077872744539
2025-12-18,-0.2949905033238367
2025-12-19,-0.282644824311491
2025-12-20,-0.2814102564102564
2025-12-21,-0.2782288698955366
2025-12-22,-0.2816239316239317
2025-12-23,-0.2825498575498575
2025-12-24,-0.2806980056980057
2025-12-25,-0.2791547958214624
2025-12-26,-0.2791547958214624
2025-12-27,-0.2791547958214624
2025-12-28,-0.2748100664767332
2025-12-29,-0.2738841405508072
2025-12-30,-0.2754795821462488
2025-12-31,-0.2843257359924027
2026-01-01,-0.4254650205761317
2026-01-02,-0.44339506172839505
2026-01-03,-0.44339506172839505
2026-01-04,-0.44491769547325105
2026-01-05,-0.44491769547325105
2026-01-06,-0.44491769547325105
2026-01-07,-0.44491769547325105
2026-01-08,-0.4444238683127572
2026-01-09,-0.4444238683127572
2026-01-10,-0.44130452674897125
2026-01-11,-0.44130452674897125
2026-01-12,-0.4463045267489712
2026-01-13,-0.4443045267489712
2026-01-14,-0.40646090534979423
2026-01-15,-0.4449711934156379
2026-01-16,-0.44649382716049385
2026-01-17,-0.4429958847736626
2026-01-18,-0.44348971193415637
2026-01-19,-0.4056337448559671
2026-01-20,-0.4403827160493828
2026-01-21,-0.4399670781893004
2026-01-22,-0.4359300411522633
2026-01-23,-0.4319218106995885
2026-01-24,-0.4319218106995885
2026-01-25,-0.4319218106995885
2026-01-26,-0.3955884773662551
2026-01-27,-0.4319218106995885
2026-01-28,-0.4290411522633746
2026-01-29,-0.4290411522633746
2026-01-30,-0.4183333333333334
2026-01-31,-0.4068477366255145
2026-02-01,-0.4156666666666667
2026-02-02,-0.4063333333333334
2026-02-03,-0.39318106995884783
2026-02-04,-0.39737448559670785
2026-02-05,-0.39737448559670785
2026-02-06,-0.412320987654321
2026-02-07,-0.4100946502057614
2026-02-08,-0.42974074074074076
2026-02-09,-0.4062674897119342
2026-02-10,-0.4280740740740741
2026-02-11,-0.4059341563786008
2026-02-12,-0.4462086240830203
2026-02-13,-0.40477366255144026
2026-02-14,-0.403440329218107
2026-02-15,-0.4199194847020935
2026-02-16,-0.4162649847915549
2026-02-17,-0.41474235104669893
2026-02-18,-0.39795884773662554
2026-02-19,-0.3938847736625515
2026-02-20,-0.36655967078189305
2026-02-21,-0.36553086419753095
2026-02-22,-0.37940060833780653
2026-02-23,-0.4013920200393631
2026-02-24,-0.40066738235820365
2026-02-25,-0.37868312757201644
2026-02-26,-0.4268477366255145
2026-02-27,-0.4268477366255145
2026-02-28,-0.4268477366255145
2026-03-01,-0.45103703703703707
2026-03-02,-0.40750617283950624
2026-03-03,-0.3696296296296297
2026-03-04,-0.36829629629629634
2026-03-05,-0.36706995884773663
2026-03-06,-0.35823868312757207
2026-03-07,-0.3589053497942387
2026-03-08,-0.3552592592592592
